country_region_code,country_region,sub_region_1,sub_region_2,metro_area,iso_3166_2_code,census_fips_code,place_id,date,retail_and_recreation_percent_change_from_baseline,grocery_and_pharmacy_percent_change_from_baseline,parks_percent_change_from_baseline,transit_stations_percent_change_from_baseline,workplaces_percent_change_from_baseline,residential_percent_change_from_baseline
ZM,Zambia,,,,,,ChIJcQv8_KX0QBkRRT5Yfqz5n_E,2021-01-01,-10,-2,38,-23,-64,21
ZM,Zambia,,,,,,ChIJcQv8_KX0QBkRRT5Yfqz5n_E,2021-01-02,-7,3,26,-12,-18,15
ZM,Zambia,,,,,,ChIJcQv8_KX0QBkRRT5Yfqz5n_E,2021-01-03,3,15,30,-4,-14,9
ZM,Zambia,,,,,,ChIJcQv8_KX0QBkRRT5Yfqz5n_E,2021-01-04,14,24,20,5,-14,10
ZM,Zambia,,,,,,ChIJcQv8_KX0QBkRRT5Yfqz5n_E,2021-01-05,7,17,22,1,-14,10
ZM,Zambia,,,,,,ChIJcQv8_KX0QBkRRT5Yfqz5n_E,2021-01-06,6,20,21,3,-14,12
ZM,Zambia,,,,,,ChIJcQv8_KX0QBkRRT5Yfqz5n_E,2021-01-07,4,19,20,3,-16,13
ZM,Zambia,,,,,,ChIJcQv8_KX0QBkRRT5Yfqz5n_E,2021-01-08,-3,13,17,0,-12,13
ZM,Zambia,,,,,,ChIJcQv8_KX0QBkRRT5Yfqz5n_E,2021-01-09,-4,11,18,-4,-5,10
ZM,Zambia,,,,,,ChIJcQv8_KX0QBkRRT5Yfqz5n_E,2021-01-10,-2,10,20,-15,-13,11
ZM,Zambia,,,,,,ChIJcQv8_KX0QBkRRT5Yfqz5n_E,2021-01-11,4,14,22,-6,-14,12
ZM,Zambia,,,,,,ChIJcQv8_KX0QBkRRT5Yfqz5n_E,2021-01-12,0,10,20,-6,-17,11
ZM,Zambia,,,,,,ChIJcQv8_KX0QBkRRT5Yfqz5n_E,2021-01-13,-6,5,14,-12,-20,11
ZM,Zambia,,,,,,ChIJcQv8_KX0QBkRRT5Yfqz5n_E,2021-01-14,-11,-4,7,-17,-27,12
ZM,Zambia,,,,,,ChIJcQv8_KX0QBkRRT5Yfqz5n_E,2021-01-15,-18,-9,0,-21,-28,14
ZM,Zambia,,,,,,ChIJcQv8_KX0QBkRRT5Yfqz5n_E,2021-01-16,-21,-13,2,-26,-23,13
ZM,Zambia,,,,,,ChIJcQv8_KX0QBkRRT5Yfqz5n_E,2021-01-17,-21,-15,-3,-34,-28,14
ZM,Zambia,,,,,,ChIJcQv8_KX0QBkRRT5Yfqz5n_E,2021-01-18,-16,-12,2,-26,-29,16
ZM,Zambia,,,,,,ChIJcQv8_KX0QBkRRT5Yfqz5n_E,2021-01-19,-18,-12,2,-25,-30,16
ZM,Zambia,,,,,,ChIJcQv8_KX0QBkRRT5Yfqz5n_E,2021-01-20,-15,-7,4,-23,-29,17
ZM,Zambia,,,,,,ChIJcQv8_KX0QBkRRT5Yfqz5n_E,2021-01-21,-12,-4,3,-17,-29,15
ZM,Zambia,,,,,,ChIJcQv8_KX0QBkRRT5Yfqz5n_E,2021-01-22,-15,-4,3,-19,-26,16
ZM,Zambia,,,,,,ChIJcQv8_KX0QBkRRT5Yfqz5n_E,2021-01-23,-15,-5,0,-21,-19,13
ZM,Zambia,,,,,,ChIJcQv8_KX0QBkRRT5Yfqz5n_E,2021-01-24,-14,-6,4,-28,-24,13
ZM,Zambia,,,,,,ChIJcQv8_KX0QBkRRT5Yfqz5n_E,2021-01-25,-8,-1,6,-21,-25,16
ZM,Zambia,,,,,,ChIJcQv8_KX0QBkRRT5Yfqz5n_E,2021-01-26,-10,-3,11,-21,-26,15
ZM,Zambia,,,,,,ChIJcQv8_KX0QBkRRT5Yfqz5n_E,2021-01-27,-4,6,9,-13,-24,14
ZM,Zambia,,,,,,ChIJcQv8_KX0QBkRRT5Yfqz5n_E,2021-01-28,-5,4,5,-12,-25,14
ZM,Zambia,,,,,,ChIJcQv8_KX0QBkRRT5Yfqz5n_E,2021-01-29,-6,6,-1,-10,-22,12
ZM,Zambia,,,,,,ChIJcQv8_KX0QBkRRT5Yfqz5n_E,2021-01-30,0,12,-2,-8,-16,7
ZM,Zambia,,,,,,ChIJcQv8_KX0QBkRRT5Yfqz5n_E,2021-01-31,-1,11,-5,-17,-24,7
ZM,Zambia,,,,,,ChIJcQv8_KX0QBkRRT5Yfqz5n_E,2021-02-01,3,14,-7,-11,-22,7
ZM,Zambia,,,,,,ChIJcQv8_KX0QBkRRT5Yfqz5n_E,2021-02-02,-1,10,1,-11,-22,8
ZM,Zambia,,,,,,ChIJcQv8_KX0QBkRRT5Yfqz5n_E,2021-02-03,-3,10,3,-11,-21,9
ZM,Zambia,,,,,,ChIJcQv8_KX0QBkRRT5Yfqz5n_E,2021-02-04,-1,8,6,-11,-23,9
ZM,Zambia,,,,,,ChIJcQv8_KX0QBkRRT5Yfqz5n_E,2021-02-05,-7,6,4,-13,-20,10
ZM,Zambia,,,,,,ChIJcQv8_KX0QBkRRT5Yfqz5n_E,2021-02-06,-4,7,10,-13,-16,8
ZM,Zambia,,,,,,ChIJcQv8_KX0QBkRRT5Yfqz5n_E,2021-02-07,-7,4,10,-25,-24,10
ZM,Zambia,,,,,,ChIJcQv8_KX0QBkRRT5Yfqz5n_E,2021-02-08,-2,6,4,-14,-21,9
ZM,Zambia,,,,,,ChIJcQv8_KX0QBkRRT5Yfqz5n_E,2021-02-09,-3,6,8,-13,-20,10
ZM,Zambia,,,,,,ChIJcQv8_KX0QBkRRT5Yfqz5n_E,2021-02-10,-3,7,3,-13,-20,10
ZM,Zambia,,,,,,ChIJcQv8_KX0QBkRRT5Yfqz5n_E,2021-02-11,-3,8,-4,-11,-21,9
ZM,Zambia,,,,,,ChIJcQv8_KX0QBkRRT5Yfqz5n_E,2021-02-12,-5,7,-14,-11,-18,8
ZM,Zambia,,,,,,ChIJcQv8_KX0QBkRRT5Yfqz5n_E,2021-02-13,-2,10,-13,-13,-18,6
ZM,Zambia,,,,,,ChIJcQv8_KX0QBkRRT5Yfqz5n_E,2021-02-14,8,15,-10,-20,-24,5
ZM,Zambia,,,,,,ChIJcQv8_KX0QBkRRT5Yfqz5n_E,2021-02-15,-1,8,-14,-14,-19,7
ZM,Zambia,,,,,,ChIJcQv8_KX0QBkRRT5Yfqz5n_E,2021-02-16,-5,7,-18,-14,-21,7
ZM,Zambia,,,,,,ChIJcQv8_KX0QBkRRT5Yfqz5n_E,2021-02-17,-2,11,-17,-12,-18,7
ZM,Zambia,,,,,,ChIJcQv8_KX0QBkRRT5Yfqz5n_E,2021-02-18,-1,10,-14,-9,-20,7
ZM,Zambia,,,,,,ChIJcQv8_KX0QBkRRT5Yfqz5n_E,2021-02-19,-5,7,-15,-12,-16,7
ZM,Zambia,,,,,,ChIJcQv8_KX0QBkRRT5Yfqz5n_E,2021-02-20,-2,11,-12,-14,-16,5
ZM,Zambia,,,,,,ChIJcQv8_KX0QBkRRT5Yfqz5n_E,2021-02-21,-5,7,-14,-25,-27,7
ZM,Zambia,,,,,,ChIJcQv8_KX0QBkRRT5Yfqz5n_E,2021-02-22,0,10,-15,-13,-16,6
ZM,Zambia,,,,,,ChIJcQv8_KX0QBkRRT5Yfqz5n_E,2021-02-23,-3,8,-15,-13,-18,7
ZM,Zambia,,,,,,ChIJcQv8_KX0QBkRRT5Yfqz5n_E,2021-02-24,2,14,-15,-9,-16,7
ZM,Zambia,,,,,,ChIJcQv8_KX0QBkRRT5Yfqz5n_E,2021-02-25,6,19,-12,-3,-17,6
ZM,Zambia,,,,,,ChIJcQv8_KX0QBkRRT5Yfqz5n_E,2021-02-26,8,22,-10,-3,-15,6
ZM,Zambia,,,,,,ChIJcQv8_KX0QBkRRT5Yfqz5n_E,2021-02-27,14,28,-7,0,-12,3
ZM,Zambia,,,,,,ChIJcQv8_KX0QBkRRT5Yfqz5n_E,2021-02-28,9,22,-8,-15,-21,5
ZM,Zambia,,,,,,ChIJcQv8_KX0QBkRRT5Yfqz5n_E,2021-03-01,11,23,-13,-6,-16,6
ZM,Zambia,,,,,,ChIJcQv8_KX0QBkRRT5Yfqz5n_E,2021-03-02,13,25,-9,0,-14,4
ZM,Zambia,,,,,,ChIJcQv8_KX0QBkRRT5Yfqz5n_E,2021-03-03,12,26,-11,0,-13,4
ZM,Zambia,,,,,,ChIJcQv8_KX0QBkRRT5Yfqz5n_E,2021-03-04,12,23,-8,1,-15,4
ZM,Zambia,,,,,,ChIJcQv8_KX0QBkRRT5Yfqz5n_E,2021-03-05,9,22,-6,0,-11,4
ZM,Zambia,,,,,,ChIJcQv8_KX0QBkRRT5Yfqz5n_E,2021-03-06,11,23,-1,-2,-11,3
ZM,Zambia,,,,,,ChIJcQv8_KX0QBkRRT5Yfqz5n_E,2021-03-07,10,19,-2,-14,-20,4
ZM,Zambia,,,,,,ChIJcQv8_KX0QBkRRT5Yfqz5n_E,2021-03-08,8,14,-4,-11,-57,14
ZM,Zambia,,,,,,ChIJcQv8_KX0QBkRRT5Yfqz5n_E,2021-03-09,8,17,-10,-3,-13,4
ZM,Zambia,,,,,,ChIJcQv8_KX0QBkRRT5Yfqz5n_E,2021-03-10,10,22,-6,-3,-12,6
ZM,Zambia,,,,,,ChIJcQv8_KX0QBkRRT5Yfqz5n_E,2021-03-11,18,26,-4,4,-14,3
ZM,Zambia,,,,,,ChIJcQv8_KX0QBkRRT5Yfqz5n_E,2021-03-12,3,14,-4,-9,-52,13
ZM,Zambia,,,,,,ChIJcQv8_KX0QBkRRT5Yfqz5n_E,2021-03-13,5,15,-4,-10,-14,5
ZM,Zambia,,,,,,ChIJcQv8_KX0QBkRRT5Yfqz5n_E,2021-03-14,6,17,-5,-15,-19,4
ZM,Zambia,,,,,,ChIJcQv8_KX0QBkRRT5Yfqz5n_E,2021-03-15,9,17,-10,-7,-10,5
ZM,Zambia,,,,,,ChIJcQv8_KX0QBkRRT5Yfqz5n_E,2021-03-16,7,15,-10,-7,-11,5
ZM,Zambia,,,,,,ChIJcQv8_KX0QBkRRT5Yfqz5n_E,2021-03-17,8,19,-8,-4,-9,6
ZM,Zambia,,,,,,ChIJcQv8_KX0QBkRRT5Yfqz5n_E,2021-03-18,9,20,-6,-2,-10,5
ZM,Zambia,,,,,,ChIJcQv8_KX0QBkRRT5Yfqz5n_E,2021-03-19,7,18,-6,-4,-7,5
ZM,Zambia,,,,,,ChIJcQv8_KX0QBkRRT5Yfqz5n_E,2021-03-20,10,21,-2,-5,-7,4
ZM,Zambia,,,,,,ChIJcQv8_KX0QBkRRT5Yfqz5n_E,2021-03-21,9,21,-4,-14,-16,5
ZM,Zambia,,,,,,ChIJcQv8_KX0QBkRRT5Yfqz5n_E,2021-03-22,7,15,-8,-8,-8,6
ZM,Zambia,,,,,,ChIJcQv8_KX0QBkRRT5Yfqz5n_E,2021-03-23,9,18,-3,-8,-9,5
ZM,Zambia,,,,,,ChIJcQv8_KX0QBkRRT5Yfqz5n_E,2021-03-24,16,29,-3,1,-7,5
ZM,Zambia,,,,,,ChIJcQv8_KX0QBkRRT5Yfqz5n_E,2021-03-25,18,31,-2,4,-9,4
ZM,Zambia,,,,,,ChIJcQv8_KX0QBkRRT5Yfqz5n_E,2021-03-26,18,30,-1,5,-6,4
ZM,Zambia,,,,,,ChIJcQv8_KX0QBkRRT5Yfqz5n_E,2021-03-27,21,34,0,3,-6,2
ZM,Zambia,,,,,,ChIJcQv8_KX0QBkRRT5Yfqz5n_E,2021-03-28,20,34,3,-7,-14,3
ZM,Zambia,,,,,,ChIJcQv8_KX0QBkRRT5Yfqz5n_E,2021-03-29,18,28,-1,0,-6,4
ZM,Zambia,,,,,,ChIJcQv8_KX0QBkRRT5Yfqz5n_E,2021-03-30,16,27,-5,0,-7,4
ZM,Zambia,,,,,,ChIJcQv8_KX0QBkRRT5Yfqz5n_E,2021-03-31,23,37,-5,5,-7,4
ZM,Zambia,,,,,,ChIJcQv8_KX0QBkRRT5Yfqz5n_E,2021-04-01,34,43,1,16,-8,1
ZM,Zambia,,,,,,ChIJcQv8_KX0QBkRRT5Yfqz5n_E,2021-04-02,16,32,8,5,-52,9
ZM,Zambia,,,,,,ChIJcQv8_KX0QBkRRT5Yfqz5n_E,2021-04-03,16,28,14,-1,-24,3
ZM,Zambia,,,,,,ChIJcQv8_KX0QBkRRT5Yfqz5n_E,2021-04-04,19,29,14,-9,-19,1
ZM,Zambia,,,,,,ChIJcQv8_KX0QBkRRT5Yfqz5n_E,2021-04-05,12,20,-1,-5,-57,12
ZM,Zambia,,,,,,ChIJcQv8_KX0QBkRRT5Yfqz5n_E,2021-04-06,17,30,-3,4,-5,4
ZM,Zambia,,,,,,ChIJcQv8_KX0QBkRRT5Yfqz5n_E,2021-04-07,19,33,-2,5,-6,5
ZM,Zambia,,,,,,ChIJcQv8_KX0QBkRRT5Yfqz5n_E,2021-04-08,19,32,1,8,-6,5
ZM,Zambia,,,,,,ChIJcQv8_KX0QBkRRT5Yfqz5n_E,2021-04-09,16,31,-1,6,-2,4
ZM,Zambia,,,,,,ChIJcQv8_KX0QBkRRT5Yfqz5n_E,2021-04-10,19,31,2,4,-4,3
ZM,Zambia,,,,,,ChIJcQv8_KX0QBkRRT5Yfqz5n_E,2021-04-11,17,30,-2,-7,-12,4
ZM,Zambia,,,,,,ChIJcQv8_KX0QBkRRT5Yfqz5n_E,2021-04-12,15,27,-3,1,-2,5
ZM,Zambia,,,,,,ChIJcQv8_KX0QBkRRT5Yfqz5n_E,2021-04-13,15,26,-2,2,-4,5
ZM,Zambia,,,,,,ChIJcQv8_KX0QBkRRT5Yfqz5n_E,2021-04-14,19,31,-2,5,-4,5
ZM,Zambia,,,,,,ChIJcQv8_KX0QBkRRT5Yfqz5n_E,2021-04-15,19,30,2,7,-4,5
ZM,Zambia,,,,,,ChIJcQv8_KX0QBkRRT5Yfqz5n_E,2021-04-16,17,29,1,6,1,4
ZM,Zambia,,,,,,ChIJcQv8_KX0QBkRRT5Yfqz5n_E,2021-04-17,18,29,5,4,-4,5
ZM,Zambia,,,,,,ChIJcQv8_KX0QBkRRT5Yfqz5n_E,2021-04-18,16,30,3,-7,-12,5
ZM,Zambia,,,,,,ChIJcQv8_KX0QBkRRT5Yfqz5n_E,2021-04-19,18,27,0,2,0,6
ZM,Zambia,,,,,,ChIJcQv8_KX0QBkRRT5Yfqz5n_E,2021-04-20,16,25,0,3,-3,6
ZM,Zambia,,,,,,ChIJcQv8_KX0QBkRRT5Yfqz5n_E,2021-04-21,23,34,2,8,-2,5
ZM,Zambia,,,,,,ChIJcQv8_KX0QBkRRT5Yfqz5n_E,2021-04-22,22,33,1,11,-2,5
ZM,Zambia,,,,,,ChIJcQv8_KX0QBkRRT5Yfqz5n_E,2021-04-23,28,39,9,16,1,4
ZM,Zambia,,,,,,ChIJcQv8_KX0QBkRRT5Yfqz5n_E,2021-04-24,34,46,11,16,-1,2
ZM,Zambia,,,,,,ChIJcQv8_KX0QBkRRT5Yfqz5n_E,2021-04-25,30,44,10,3,-12,3
ZM,Zambia,,,,,,ChIJcQv8_KX0QBkRRT5Yfqz5n_E,2021-04-26,32,43,6,14,-3,5
ZM,Zambia,,,,,,ChIJcQv8_KX0QBkRRT5Yfqz5n_E,2021-04-27,28,41,7,13,-4,5
ZM,Zambia,,,,,,ChIJcQv8_KX0QBkRRT5Yfqz5n_E,2021-04-28,31,46,6,17,-4,5
ZM,Zambia,,,,,,ChIJcQv8_KX0QBkRRT5Yfqz5n_E,2021-04-29,32,44,13,21,-6,4
ZM,Zambia,,,,,,ChIJcQv8_KX0QBkRRT5Yfqz5n_E,2021-04-30,33,45,9,21,-2,4
ZM,Zambia,,,,,,ChIJcQv8_KX0QBkRRT5Yfqz5n_E,2021-05-01,30,44,15,13,-18,3
ZM,Zambia,,,,,,ChIJcQv8_KX0QBkRRT5Yfqz5n_E,2021-05-02,30,42,12,5,-12,3
ZM,Zambia,,,,,,ChIJcQv8_KX0QBkRRT5Yfqz5n_E,2021-05-03,33,43,10,17,-4,4
ZM,Zambia,,,,,,ChIJcQv8_KX0QBkRRT5Yfqz5n_E,2021-05-04,30,42,10,18,-3,4
ZM,Zambia,,,,,,ChIJcQv8_KX0QBkRRT5Yfqz5n_E,2021-05-05,33,48,8,21,-3,4
ZM,Zambia,,,,,,ChIJcQv8_KX0QBkRRT5Yfqz5n_E,2021-05-06,33,46,12,25,-4,4
ZM,Zambia,,,,,,ChIJcQv8_KX0QBkRRT5Yfqz5n_E,2021-05-07,33,48,12,26,1,4
ZM,Zambia,,,,,,ChIJcQv8_KX0QBkRRT5Yfqz5n_E,2021-05-08,36,48,18,25,-1,2
ZM,Zambia,,,,,,ChIJcQv8_KX0QBkRRT5Yfqz5n_E,2021-05-09,37,49,14,13,-10,2
ZM,Zambia,,,,,,ChIJcQv8_KX0QBkRRT5Yfqz5n_E,2021-05-10,31,41,7,17,-1,3
ZM,Zambia,,,,,,ChIJcQv8_KX0QBkRRT5Yfqz5n_E,2021-05-11,27,40,11,16,0,3
ZM,Zambia,,,,,,ChIJcQv8_KX0QBkRRT5Yfqz5n_E,2021-05-12,31,49,12,21,-1,4
ZM,Zambia,,,,,,ChIJcQv8_KX0QBkRRT5Yfqz5n_E,2021-05-13,30,44,10,22,-3,4
ZM,Zambia,,,,,,ChIJcQv8_KX0QBkRRT5Yfqz5n_E,2021-05-14,30,42,12,23,0,3
ZM,Zambia,,,,,,ChIJcQv8_KX0QBkRRT5Yfqz5n_E,2021-05-15,32,43,17,17,-1,2
ZM,Zambia,,,,,,ChIJcQv8_KX0QBkRRT5Yfqz5n_E,2021-05-16,31,46,14,5,-9,3
ZM,Zambia,,,,,,ChIJcQv8_KX0QBkRRT5Yfqz5n_E,2021-05-17,29,40,11,13,4,3
ZM,Zambia,,,,,,ChIJcQv8_KX0QBkRRT5Yfqz5n_E,2021-05-18,25,38,13,12,2,4
ZM,Zambia,,,,,,ChIJcQv8_KX0QBkRRT5Yfqz5n_E,2021-05-19,27,41,13,14,3,5
ZM,Zambia,,,,,,ChIJcQv8_KX0QBkRRT5Yfqz5n_E,2021-05-20,29,42,21,14,2,4
ZM,Zambia,,,,,,ChIJcQv8_KX0QBkRRT5Yfqz5n_E,2021-05-21,32,45,26,16,8,3
ZM,Zambia,,,,,,ChIJcQv8_KX0QBkRRT5Yfqz5n_E,2021-05-22,36,49,33,17,4,2
ZM,Zambia,,,,,,ChIJcQv8_KX0QBkRRT5Yfqz5n_E,2021-05-23,33,48,26,1,-6,3
ZM,Zambia,,,,,,ChIJcQv8_KX0QBkRRT5Yfqz5n_E,2021-05-24,39,49,18,14,4,4
ZM,Zambia,,,,,,ChIJcQv8_KX0QBkRRT5Yfqz5n_E,2021-05-25,31,46,28,7,-49,12
ZM,Zambia,,,,,,ChIJcQv8_KX0QBkRRT5Yfqz5n_E,2021-05-26,39,58,28,23,7,3
ZM,Zambia,,,,,,ChIJcQv8_KX0QBkRRT5Yfqz5n_E,2021-05-27,40,55,33,23,5,4
ZM,Zambia,,,,,,ChIJcQv8_KX0QBkRRT5Yfqz5n_E,2021-05-28,42,56,39,24,12,2
ZM,Zambia,,,,,,ChIJcQv8_KX0QBkRRT5Yfqz5n_E,2021-05-29,48,59,39,23,10,0
ZM,Zambia,,,,,,ChIJcQv8_KX0QBkRRT5Yfqz5n_E,2021-05-30,41,58,29,7,-2,2
ZM,Zambia,,,,,,ChIJcQv8_KX0QBkRRT5Yfqz5n_E,2021-05-31,41,53,31,18,10,2
ZM,Zambia,,,,,,ChIJcQv8_KX0QBkRRT5Yfqz5n_E,2021-06-01,41,56,34,18,5,2
ZM,Zambia,,,,,,ChIJcQv8_KX0QBkRRT5Yfqz5n_E,2021-06-02,42,61,35,19,5,3
ZM,Zambia,,,,,,ChIJcQv8_KX0QBkRRT5Yfqz5n_E,2021-06-03,40,55,45,22,3,4
ZM,Zambia,,,,,,ChIJcQv8_KX0QBkRRT5Yfqz5n_E,2021-06-04,39,53,47,23,10,4
ZM,Zambia,,,,,,ChIJcQv8_KX0QBkRRT5Yfqz5n_E,2021-06-05,38,51,46,19,8,3
ZM,Zambia,,,,,,ChIJcQv8_KX0QBkRRT5Yfqz5n_E,2021-06-06,37,53,35,3,-3,4
ZM,Zambia,,,,,,ChIJcQv8_KX0QBkRRT5Yfqz5n_E,2021-06-07,35,49,40,15,7,5
ZM,Zambia,,,,,,ChIJcQv8_KX0QBkRRT5Yfqz5n_E,2021-06-08,33,47,32,15,2,5
ZM,Zambia,,,,,,ChIJcQv8_KX0QBkRRT5Yfqz5n_E,2021-06-09,35,50,26,15,1,6
ZM,Zambia,,,,,,ChIJcQv8_KX0QBkRRT5Yfqz5n_E,2021-06-10,35,51,29,18,0,5
ZM,Zambia,,,,,,ChIJcQv8_KX0QBkRRT5Yfqz5n_E,2021-06-11,32,49,30,18,5,6
ZM,Zambia,,,,,,ChIJcQv8_KX0QBkRRT5Yfqz5n_E,2021-06-12,31,45,27,12,5,5
ZM,Zambia,,,,,,ChIJcQv8_KX0QBkRRT5Yfqz5n_E,2021-06-13,28,46,28,0,-5,5
ZM,Zambia,,,,,,ChIJcQv8_KX0QBkRRT5Yfqz5n_E,2021-06-14,30,45,20,7,2,6
ZM,Zambia,,,,,,ChIJcQv8_KX0QBkRRT5Yfqz5n_E,2021-06-15,27,43,24,8,-2,7
ZM,Zambia,,,,,,ChIJcQv8_KX0QBkRRT5Yfqz5n_E,2021-06-16,29,48,24,9,-4,7
ZM,Zambia,,,,,,ChIJcQv8_KX0QBkRRT5Yfqz5n_E,2021-06-17,27,47,26,11,-10,9
ZM,Zambia,,,,,,ChIJcQv8_KX0QBkRRT5Yfqz5n_E,2021-06-18,22,43,28,8,-7,11
ZM,Zambia,,,,,,ChIJcQv8_KX0QBkRRT5Yfqz5n_E,2021-06-19,17,36,20,1,-1,8
ZM,Zambia,,,,,,ChIJcQv8_KX0QBkRRT5Yfqz5n_E,2021-06-20,14,34,24,-10,-13,8
ZM,Zambia,,,,,,ChIJcQv8_KX0QBkRRT5Yfqz5n_E,2021-06-21,18,35,18,0,-11,10
ZM,Zambia,,,,,,ChIJcQv8_KX0QBkRRT5Yfqz5n_E,2021-06-22,17,33,24,1,-16,10
ZM,Zambia,,,,,,ChIJcQv8_KX0QBkRRT5Yfqz5n_E,2021-06-23,20,42,21,3,-14,10
ZM,Zambia,,,,,,ChIJcQv8_KX0QBkRRT5Yfqz5n_E,2021-06-24,21,44,26,6,-17,11
ZM,Zambia,,,,,,ChIJcQv8_KX0QBkRRT5Yfqz5n_E,2021-06-25,26,51,22,8,-10,10
ZM,Zambia,,,,,,ChIJcQv8_KX0QBkRRT5Yfqz5n_E,2021-06-26,25,50,28,8,0,7
ZM,Zambia,,,,,,ChIJcQv8_KX0QBkRRT5Yfqz5n_E,2021-06-27,21,46,23,-5,-12,7
ZM,Zambia,,,,,,ChIJcQv8_KX0QBkRRT5Yfqz5n_E,2021-06-28,28,48,18,6,-12,8
ZM,Zambia,,,,,,ChIJcQv8_KX0QBkRRT5Yfqz5n_E,2021-06-29,24,45,21,6,-14,9
ZM,Zambia,,,,,,ChIJcQv8_KX0QBkRRT5Yfqz5n_E,2021-06-30,31,57,25,12,-13,8
ZM,Zambia,,,,,,ChIJcQv8_KX0QBkRRT5Yfqz5n_E,2021-07-01,34,58,28,18,-15,8
ZM,Zambia,,,,,,ChIJcQv8_KX0QBkRRT5Yfqz5n_E,2021-07-02,22,49,26,11,-31,14
ZM,Zambia,,,,,,ChIJcQv8_KX0QBkRRT5Yfqz5n_E,2021-07-03,27,53,28,17,-1,6
ZM,Zambia,,,,,,ChIJcQv8_KX0QBkRRT5Yfqz5n_E,2021-07-04,24,50,33,-2,-14,6
ZM,Zambia,,,,,,ChIJcQv8_KX0QBkRRT5Yfqz5n_E,2021-07-05,24,44,35,2,-49,14
ZM,Zambia,,,,,,ChIJcQv8_KX0QBkRRT5Yfqz5n_E,2021-07-06,18,40,34,0,-51,15
ZM,Zambia,,,,,,ChIJcQv8_KX0QBkRRT5Yfqz5n_E,2021-07-07,2,23,28,-15,-60,19
ZM,Zambia,,,,,,ChIJcQv8_KX0QBkRRT5Yfqz5n_E,2021-07-08,31,56,24,20,-10,7
ZM,Zambia,,,,,,ChIJcQv8_KX0QBkRRT5Yfqz5n_E,2021-07-09,25,50,28,14,-5,8
ZM,Zambia,,,,,,ChIJcQv8_KX0QBkRRT5Yfqz5n_E,2021-07-10,21,46,29,11,4,6
ZM,Zambia,,,,,,ChIJcQv8_KX0QBkRRT5Yfqz5n_E,2021-07-11,18,42,30,-5,-9,7
ZM,Zambia,,,,,,ChIJcQv8_KX0QBkRRT5Yfqz5n_E,2021-07-12,29,48,25,12,-6,7
ZM,Zambia,,,,,,ChIJcQv8_KX0QBkRRT5Yfqz5n_E,2021-07-13,25,47,29,12,-9,6
ZM,Zambia,,,,,,ChIJcQv8_KX0QBkRRT5Yfqz5n_E,2021-07-14,27,54,26,12,-8,7
ZM,Zambia,,,,,,ChIJcQv8_KX0QBkRRT5Yfqz5n_E,2021-07-15,27,50,31,15,-9,7
ZM,Zambia,,,,,,ChIJcQv8_KX0QBkRRT5Yfqz5n_E,2021-07-16,22,47,29,13,-3,8
ZM,Zambia,,,,,,ChIJcQv8_KX0QBkRRT5Yfqz5n_E,2021-07-17,21,45,30,10,4,5
ZM,Zambia,,,Lusaka Metropolitan Area,,,ChIJL3hQiiWNQBkRwgsdS9A-K_Y,2021-01-01,-13,-7,5,-24,-70,26
ZM,Zambia,,,Lusaka Metropolitan Area,,,ChIJL3hQiiWNQBkRwgsdS9A-K_Y,2021-01-02,-6,1,19,-13,-20,18
ZM,Zambia,,,Lusaka Metropolitan Area,,,ChIJL3hQiiWNQBkRwgsdS9A-K_Y,2021-01-03,0,11,37,-6,-11,10
ZM,Zambia,,,Lusaka Metropolitan Area,,,ChIJL3hQiiWNQBkRwgsdS9A-K_Y,2021-01-04,13,22,37,5,-17,12
ZM,Zambia,,,Lusaka Metropolitan Area,,,ChIJL3hQiiWNQBkRwgsdS9A-K_Y,2021-01-05,7,20,21,2,-19,13
ZM,Zambia,,,Lusaka Metropolitan Area,,,ChIJL3hQiiWNQBkRwgsdS9A-K_Y,2021-01-06,1,17,20,3,-18,15
ZM,Zambia,,,Lusaka Metropolitan Area,,,ChIJL3hQiiWNQBkRwgsdS9A-K_Y,2021-01-07,2,20,10,1,-20,16
ZM,Zambia,,,Lusaka Metropolitan Area,,,ChIJL3hQiiWNQBkRwgsdS9A-K_Y,2021-01-08,-4,13,-7,-2,-15,17
ZM,Zambia,,,Lusaka Metropolitan Area,,,ChIJL3hQiiWNQBkRwgsdS9A-K_Y,2021-01-09,-4,11,13,-6,-3,13
ZM,Zambia,,,Lusaka Metropolitan Area,,,ChIJL3hQiiWNQBkRwgsdS9A-K_Y,2021-01-10,-7,6,13,-18,-13,12
ZM,Zambia,,,Lusaka Metropolitan Area,,,ChIJL3hQiiWNQBkRwgsdS9A-K_Y,2021-01-11,3,11,22,-7,-18,15
ZM,Zambia,,,Lusaka Metropolitan Area,,,ChIJL3hQiiWNQBkRwgsdS9A-K_Y,2021-01-12,1,13,19,-7,-21,15
ZM,Zambia,,,Lusaka Metropolitan Area,,,ChIJL3hQiiWNQBkRwgsdS9A-K_Y,2021-01-13,-9,2,10,-13,-23,15
ZM,Zambia,,,Lusaka Metropolitan Area,,,ChIJL3hQiiWNQBkRwgsdS9A-K_Y,2021-01-14,-12,-3,7,-20,-31,15
ZM,Zambia,,,Lusaka Metropolitan Area,,,ChIJL3hQiiWNQBkRwgsdS9A-K_Y,2021-01-15,-19,-9,3,-24,-30,17
ZM,Zambia,,,Lusaka Metropolitan Area,,,ChIJL3hQiiWNQBkRwgsdS9A-K_Y,2021-01-16,-21,-12,7,-28,-22,15
ZM,Zambia,,,Lusaka Metropolitan Area,,,ChIJL3hQiiWNQBkRwgsdS9A-K_Y,2021-01-17,-24,-16,2,-36,-28,15
ZM,Zambia,,,Lusaka Metropolitan Area,,,ChIJL3hQiiWNQBkRwgsdS9A-K_Y,2021-01-18,-14,-10,20,-28,-31,18
ZM,Zambia,,,Lusaka Metropolitan Area,,,ChIJL3hQiiWNQBkRwgsdS9A-K_Y,2021-01-19,-16,-8,5,-25,-34,18
ZM,Zambia,,,Lusaka Metropolitan Area,,,ChIJL3hQiiWNQBkRwgsdS9A-K_Y,2021-01-20,-18,-10,1,-24,-31,20
ZM,Zambia,,,Lusaka Metropolitan Area,,,ChIJL3hQiiWNQBkRwgsdS9A-K_Y,2021-01-21,-12,-2,1,-19,-31,18
ZM,Zambia,,,Lusaka Metropolitan Area,,,ChIJL3hQiiWNQBkRwgsdS9A-K_Y,2021-01-22,-16,-5,-7,-23,-28,19
ZM,Zambia,,,Lusaka Metropolitan Area,,,ChIJL3hQiiWNQBkRwgsdS9A-K_Y,2021-01-23,-14,-4,0,-23,-17,14
ZM,Zambia,,,Lusaka Metropolitan Area,,,ChIJL3hQiiWNQBkRwgsdS9A-K_Y,2021-01-24,-17,-8,6,-31,-23,14
ZM,Zambia,,,Lusaka Metropolitan Area,,,ChIJL3hQiiWNQBkRwgsdS9A-K_Y,2021-01-25,-9,-3,1,-24,-28,17
ZM,Zambia,,,Lusaka Metropolitan Area,,,ChIJL3hQiiWNQBkRwgsdS9A-K_Y,2021-01-26,-10,-1,22,-22,-30,18
ZM,Zambia,,,Lusaka Metropolitan Area,,,ChIJL3hQiiWNQBkRwgsdS9A-K_Y,2021-01-27,-8,2,4,-16,-26,17
ZM,Zambia,,,Lusaka Metropolitan Area,,,ChIJL3hQiiWNQBkRwgsdS9A-K_Y,2021-01-28,-7,4,4,-16,-28,16
ZM,Zambia,,,Lusaka Metropolitan Area,,,ChIJL3hQiiWNQBkRwgsdS9A-K_Y,2021-01-29,-6,7,-1,-14,-24,15
ZM,Zambia,,,Lusaka Metropolitan Area,,,ChIJL3hQiiWNQBkRwgsdS9A-K_Y,2021-01-30,1,12,11,-11,-14,8
ZM,Zambia,,,Lusaka Metropolitan Area,,,ChIJL3hQiiWNQBkRwgsdS9A-K_Y,2021-01-31,-3,10,16,-20,-22,7
ZM,Zambia,,,Lusaka Metropolitan Area,,,ChIJL3hQiiWNQBkRwgsdS9A-K_Y,2021-02-01,3,13,8,-12,-24,8
ZM,Zambia,,,Lusaka Metropolitan Area,,,ChIJL3hQiiWNQBkRwgsdS9A-K_Y,2021-02-02,1,13,9,-11,-25,9
ZM,Zambia,,,Lusaka Metropolitan Area,,,ChIJL3hQiiWNQBkRwgsdS9A-K_Y,2021-02-03,-5,7,6,-11,-23,12
ZM,Zambia,,,Lusaka Metropolitan Area,,,ChIJL3hQiiWNQBkRwgsdS9A-K_Y,2021-02-04,-1,11,7,-12,-24,11
ZM,Zambia,,,Lusaka Metropolitan Area,,,ChIJL3hQiiWNQBkRwgsdS9A-K_Y,2021-02-05,-5,9,-6,-14,-20,12
ZM,Zambia,,,Lusaka Metropolitan Area,,,ChIJL3hQiiWNQBkRwgsdS9A-K_Y,2021-02-06,-1,9,21,-14,-13,9
ZM,Zambia,,,Lusaka Metropolitan Area,,,ChIJL3hQiiWNQBkRwgsdS9A-K_Y,2021-02-07,-7,3,22,-27,-21,10
ZM,Zambia,,,Lusaka Metropolitan Area,,,ChIJL3hQiiWNQBkRwgsdS9A-K_Y,2021-02-08,1,9,12,-13,-21,10
ZM,Zambia,,,Lusaka Metropolitan Area,,,ChIJL3hQiiWNQBkRwgsdS9A-K_Y,2021-02-09,1,11,21,-13,-22,11
ZM,Zambia,,,Lusaka Metropolitan Area,,,ChIJL3hQiiWNQBkRwgsdS9A-K_Y,2021-02-10,-3,7,4,-12,-20,11
ZM,Zambia,,,Lusaka Metropolitan Area,,,ChIJL3hQiiWNQBkRwgsdS9A-K_Y,2021-02-11,-1,11,2,-12,-22,11
ZM,Zambia,,,Lusaka Metropolitan Area,,,ChIJL3hQiiWNQBkRwgsdS9A-K_Y,2021-02-12,-2,11,-1,-12,-17,10
ZM,Zambia,,,Lusaka Metropolitan Area,,,ChIJL3hQiiWNQBkRwgsdS9A-K_Y,2021-02-13,2,13,21,-13,-13,7
ZM,Zambia,,,Lusaka Metropolitan Area,,,ChIJL3hQiiWNQBkRwgsdS9A-K_Y,2021-02-14,9,14,23,-21,-19,5
ZM,Zambia,,,Lusaka Metropolitan Area,,,ChIJL3hQiiWNQBkRwgsdS9A-K_Y,2021-02-15,2,10,6,-14,-19,7
ZM,Zambia,,,Lusaka Metropolitan Area,,,ChIJL3hQiiWNQBkRwgsdS9A-K_Y,2021-02-16,-1,13,13,-14,-21,9
ZM,Zambia,,,Lusaka Metropolitan Area,,,ChIJL3hQiiWNQBkRwgsdS9A-K_Y,2021-02-17,-3,10,2,-13,-19,9
ZM,Zambia,,,Lusaka Metropolitan Area,,,ChIJL3hQiiWNQBkRwgsdS9A-K_Y,2021-02-18,0,13,13,-10,-19,8
ZM,Zambia,,,Lusaka Metropolitan Area,,,ChIJL3hQiiWNQBkRwgsdS9A-K_Y,2021-02-19,-2,9,5,-13,-15,10
ZM,Zambia,,,Lusaka Metropolitan Area,,,ChIJL3hQiiWNQBkRwgsdS9A-K_Y,2021-02-20,2,13,22,-14,-10,6
ZM,Zambia,,,Lusaka Metropolitan Area,,,ChIJL3hQiiWNQBkRwgsdS9A-K_Y,2021-02-21,-4,6,14,-27,-23,8
ZM,Zambia,,,Lusaka Metropolitan Area,,,ChIJL3hQiiWNQBkRwgsdS9A-K_Y,2021-02-22,4,12,16,-13,-16,7
ZM,Zambia,,,Lusaka Metropolitan Area,,,ChIJL3hQiiWNQBkRwgsdS9A-K_Y,2021-02-23,1,14,13,-12,-18,9
ZM,Zambia,,,Lusaka Metropolitan Area,,,ChIJL3hQiiWNQBkRwgsdS9A-K_Y,2021-02-24,2,14,8,-9,-16,9
ZM,Zambia,,,Lusaka Metropolitan Area,,,ChIJL3hQiiWNQBkRwgsdS9A-K_Y,2021-02-25,7,19,6,-6,-17,7
ZM,Zambia,,,Lusaka Metropolitan Area,,,ChIJL3hQiiWNQBkRwgsdS9A-K_Y,2021-02-26,8,19,7,-7,-13,8
ZM,Zambia,,,Lusaka Metropolitan Area,,,ChIJL3hQiiWNQBkRwgsdS9A-K_Y,2021-02-27,16,24,32,-3,-8,5
ZM,Zambia,,,Lusaka Metropolitan Area,,,ChIJL3hQiiWNQBkRwgsdS9A-K_Y,2021-02-28,8,17,25,-18,-16,5
ZM,Zambia,,,Lusaka Metropolitan Area,,,ChIJL3hQiiWNQBkRwgsdS9A-K_Y,2021-03-01,11,18,15,-9,-17,9
ZM,Zambia,,,Lusaka Metropolitan Area,,,ChIJL3hQiiWNQBkRwgsdS9A-K_Y,2021-03-02,17,28,20,0,-15,5
ZM,Zambia,,,Lusaka Metropolitan Area,,,ChIJL3hQiiWNQBkRwgsdS9A-K_Y,2021-03-03,10,20,4,-1,-14,5
ZM,Zambia,,,Lusaka Metropolitan Area,,,ChIJL3hQiiWNQBkRwgsdS9A-K_Y,2021-03-04,13,22,6,-1,-15,5
ZM,Zambia,,,Lusaka Metropolitan Area,,,ChIJL3hQiiWNQBkRwgsdS9A-K_Y,2021-03-05,11,21,1,-2,-9,6
ZM,Zambia,,,Lusaka Metropolitan Area,,,ChIJL3hQiiWNQBkRwgsdS9A-K_Y,2021-03-06,16,22,24,-3,-7,4
ZM,Zambia,,,Lusaka Metropolitan Area,,,ChIJL3hQiiWNQBkRwgsdS9A-K_Y,2021-03-07,12,17,21,-16,-17,4
ZM,Zambia,,,Lusaka Metropolitan Area,,,ChIJL3hQiiWNQBkRwgsdS9A-K_Y,2021-03-08,12,16,21,-11,-61,15
ZM,Zambia,,,Lusaka Metropolitan Area,,,ChIJL3hQiiWNQBkRwgsdS9A-K_Y,2021-03-09,13,20,12,-3,-13,6
ZM,Zambia,,,Lusaka Metropolitan Area,,,ChIJL3hQiiWNQBkRwgsdS9A-K_Y,2021-03-10,10,20,6,-3,-11,8
ZM,Zambia,,,Lusaka Metropolitan Area,,,ChIJL3hQiiWNQBkRwgsdS9A-K_Y,2021-03-11,21,29,20,1,-14,5
ZM,Zambia,,,Lusaka Metropolitan Area,,,ChIJL3hQiiWNQBkRwgsdS9A-K_Y,2021-03-12,6,16,10,-10,-55,16
ZM,Zambia,,,Lusaka Metropolitan Area,,,ChIJL3hQiiWNQBkRwgsdS9A-K_Y,2021-03-13,10,16,9,-12,-10,6
ZM,Zambia,,,Lusaka Metropolitan Area,,,ChIJL3hQiiWNQBkRwgsdS9A-K_Y,2021-03-14,7,14,22,-17,-14,4
ZM,Zambia,,,Lusaka Metropolitan Area,,,ChIJL3hQiiWNQBkRwgsdS9A-K_Y,2021-03-15,13,18,21,-7,-10,6
ZM,Zambia,,,Lusaka Metropolitan Area,,,ChIJL3hQiiWNQBkRwgsdS9A-K_Y,2021-03-16,12,20,18,-7,-11,7
ZM,Zambia,,,Lusaka Metropolitan Area,,,ChIJL3hQiiWNQBkRwgsdS9A-K_Y,2021-03-17,8,18,9,-5,-8,8
ZM,Zambia,,,Lusaka Metropolitan Area,,,ChIJL3hQiiWNQBkRwgsdS9A-K_Y,2021-03-18,12,23,38,-5,-9,7
ZM,Zambia,,,Lusaka Metropolitan Area,,,ChIJL3hQiiWNQBkRwgsdS9A-K_Y,2021-03-19,11,20,31,-6,-4,7
ZM,Zambia,,,Lusaka Metropolitan Area,,,ChIJL3hQiiWNQBkRwgsdS9A-K_Y,2021-03-20,16,23,47,-7,-2,5
ZM,Zambia,,,Lusaka Metropolitan Area,,,ChIJL3hQiiWNQBkRwgsdS9A-K_Y,2021-03-21,9,18,29,-17,-12,5
ZM,Zambia,,,Lusaka Metropolitan Area,,,ChIJL3hQiiWNQBkRwgsdS9A-K_Y,2021-03-22,11,18,26,-9,-6,6
ZM,Zambia,,,Lusaka Metropolitan Area,,,ChIJL3hQiiWNQBkRwgsdS9A-K_Y,2021-03-23,14,23,52,-8,-9,6
ZM,Zambia,,,Lusaka Metropolitan Area,,,ChIJL3hQiiWNQBkRwgsdS9A-K_Y,2021-03-24,14,24,45,0,-6,7
ZM,Zambia,,,Lusaka Metropolitan Area,,,ChIJL3hQiiWNQBkRwgsdS9A-K_Y,2021-03-25,19,29,50,1,-8,6
ZM,Zambia,,,Lusaka Metropolitan Area,,,ChIJL3hQiiWNQBkRwgsdS9A-K_Y,2021-03-26,20,28,45,2,-3,6
ZM,Zambia,,,Lusaka Metropolitan Area,,,ChIJL3hQiiWNQBkRwgsdS9A-K_Y,2021-03-27,24,29,58,0,-2,3
ZM,Zambia,,,Lusaka Metropolitan Area,,,ChIJL3hQiiWNQBkRwgsdS9A-K_Y,2021-03-28,21,30,56,-10,-9,3
ZM,Zambia,,,Lusaka Metropolitan Area,,,ChIJL3hQiiWNQBkRwgsdS9A-K_Y,2021-03-29,20,26,63,-2,-5,5
ZM,Zambia,,,Lusaka Metropolitan Area,,,ChIJL3hQiiWNQBkRwgsdS9A-K_Y,2021-03-30,20,30,42,-1,-6,6
ZM,Zambia,,,Lusaka Metropolitan Area,,,ChIJL3hQiiWNQBkRwgsdS9A-K_Y,2021-03-31,22,33,27,5,-6,6
ZM,Zambia,,,Lusaka Metropolitan Area,,,ChIJL3hQiiWNQBkRwgsdS9A-K_Y,2021-04-01,36,43,45,13,-7,2
ZM,Zambia,,,Lusaka Metropolitan Area,,,ChIJL3hQiiWNQBkRwgsdS9A-K_Y,2021-04-02,17,32,35,3,-55,12
ZM,Zambia,,,Lusaka Metropolitan Area,,,ChIJL3hQiiWNQBkRwgsdS9A-K_Y,2021-04-03,18,25,36,-4,-24,4
ZM,Zambia,,,Lusaka Metropolitan Area,,,ChIJL3hQiiWNQBkRwgsdS9A-K_Y,2021-04-04,17,21,37,-12,-15,0
ZM,Zambia,,,Lusaka Metropolitan Area,,,ChIJL3hQiiWNQBkRwgsdS9A-K_Y,2021-04-05,13,18,22,-6,-61,13
ZM,Zambia,,,Lusaka Metropolitan Area,,,ChIJL3hQiiWNQBkRwgsdS9A-K_Y,2021-04-06,22,33,51,3,-5,6
ZM,Zambia,,,Lusaka Metropolitan Area,,,ChIJL3hQiiWNQBkRwgsdS9A-K_Y,2021-04-07,19,28,30,4,-5,7
ZM,Zambia,,,Lusaka Metropolitan Area,,,ChIJL3hQiiWNQBkRwgsdS9A-K_Y,2021-04-08,20,31,52,6,-5,6
ZM,Zambia,,,Lusaka Metropolitan Area,,,ChIJL3hQiiWNQBkRwgsdS9A-K_Y,2021-04-09,19,29,39,3,1,7
ZM,Zambia,,,Lusaka Metropolitan Area,,,ChIJL3hQiiWNQBkRwgsdS9A-K_Y,2021-04-10,25,30,54,2,1,4
ZM,Zambia,,,Lusaka Metropolitan Area,,,ChIJL3hQiiWNQBkRwgsdS9A-K_Y,2021-04-11,19,26,37,-10,-7,4
ZM,Zambia,,,Lusaka Metropolitan Area,,,ChIJL3hQiiWNQBkRwgsdS9A-K_Y,2021-04-12,19,26,43,0,0,6
ZM,Zambia,,,Lusaka Metropolitan Area,,,ChIJL3hQiiWNQBkRwgsdS9A-K_Y,2021-04-13,19,29,46,1,-3,8
ZM,Zambia,,,Lusaka Metropolitan Area,,,ChIJL3hQiiWNQBkRwgsdS9A-K_Y,2021-04-14,18,26,38,5,-2,7
ZM,Zambia,,,Lusaka Metropolitan Area,,,ChIJL3hQiiWNQBkRwgsdS9A-K_Y,2021-04-15,21,30,46,4,-3,7
ZM,Zambia,,,Lusaka Metropolitan Area,,,ChIJL3hQiiWNQBkRwgsdS9A-K_Y,2021-04-16,20,29,37,3,3,7
ZM,Zambia,,,Lusaka Metropolitan Area,,,ChIJL3hQiiWNQBkRwgsdS9A-K_Y,2021-04-17,23,29,52,1,2,6
ZM,Zambia,,,Lusaka Metropolitan Area,,,ChIJL3hQiiWNQBkRwgsdS9A-K_Y,2021-04-18,15,25,39,-11,-6,6
ZM,Zambia,,,Lusaka Metropolitan Area,,,ChIJL3hQiiWNQBkRwgsdS9A-K_Y,2021-04-19,21,25,56,0,1,7
ZM,Zambia,,,Lusaka Metropolitan Area,,,ChIJL3hQiiWNQBkRwgsdS9A-K_Y,2021-04-20,19,28,48,2,-2,8
ZM,Zambia,,,Lusaka Metropolitan Area,,,ChIJL3hQiiWNQBkRwgsdS9A-K_Y,2021-04-21,21,29,55,5,-1,8
ZM,Zambia,,,Lusaka Metropolitan Area,,,ChIJL3hQiiWNQBkRwgsdS9A-K_Y,2021-04-22,23,32,47,8,-1,7
ZM,Zambia,,,Lusaka Metropolitan Area,,,ChIJL3hQiiWNQBkRwgsdS9A-K_Y,2021-04-23,30,36,63,12,4,7
ZM,Zambia,,,Lusaka Metropolitan Area,,,ChIJL3hQiiWNQBkRwgsdS9A-K_Y,2021-04-24,38,42,78,12,4,4
ZM,Zambia,,,Lusaka Metropolitan Area,,,ChIJL3hQiiWNQBkRwgsdS9A-K_Y,2021-04-25,28,35,58,-3,-7,4
ZM,Zambia,,,Lusaka Metropolitan Area,,,ChIJL3hQiiWNQBkRwgsdS9A-K_Y,2021-04-26,32,36,67,11,-1,6
ZM,Zambia,,,Lusaka Metropolitan Area,,,ChIJL3hQiiWNQBkRwgsdS9A-K_Y,2021-04-27,30,41,72,10,-3,7
ZM,Zambia,,,Lusaka Metropolitan Area,,,ChIJL3hQiiWNQBkRwgsdS9A-K_Y,2021-04-28,28,37,64,14,-2,7
ZM,Zambia,,,Lusaka Metropolitan Area,,,ChIJL3hQiiWNQBkRwgsdS9A-K_Y,2021-04-29,31,41,84,17,-4,6
ZM,Zambia,,,Lusaka Metropolitan Area,,,ChIJL3hQiiWNQBkRwgsdS9A-K_Y,2021-04-30,32,42,61,16,2,7
ZM,Zambia,,,Lusaka Metropolitan Area,,,ChIJL3hQiiWNQBkRwgsdS9A-K_Y,2021-05-01,33,40,77,8,-18,5
ZM,Zambia,,,Lusaka Metropolitan Area,,,ChIJL3hQiiWNQBkRwgsdS9A-K_Y,2021-05-02,29,37,65,0,-7,3
ZM,Zambia,,,Lusaka Metropolitan Area,,,ChIJL3hQiiWNQBkRwgsdS9A-K_Y,2021-05-03,35,40,99,14,-2,6
ZM,Zambia,,,Lusaka Metropolitan Area,,,ChIJL3hQiiWNQBkRwgsdS9A-K_Y,2021-05-04,34,44,79,15,-3,7
ZM,Zambia,,,Lusaka Metropolitan Area,,,ChIJL3hQiiWNQBkRwgsdS9A-K_Y,2021-05-05,31,41,57,18,-1,6
ZM,Zambia,,,Lusaka Metropolitan Area,,,ChIJL3hQiiWNQBkRwgsdS9A-K_Y,2021-05-06,33,44,67,21,-3,7
ZM,Zambia,,,Lusaka Metropolitan Area,,,ChIJL3hQiiWNQBkRwgsdS9A-K_Y,2021-05-07,35,46,53,22,4,7
ZM,Zambia,,,Lusaka Metropolitan Area,,,ChIJL3hQiiWNQBkRwgsdS9A-K_Y,2021-05-08,41,47,83,21,4,3
ZM,Zambia,,,Lusaka Metropolitan Area,,,ChIJL3hQiiWNQBkRwgsdS9A-K_Y,2021-05-09,35,41,59,7,-4,3
ZM,Zambia,,,Lusaka Metropolitan Area,,,ChIJL3hQiiWNQBkRwgsdS9A-K_Y,2021-05-10,31,37,59,14,1,5
ZM,Zambia,,,Lusaka Metropolitan Area,,,ChIJL3hQiiWNQBkRwgsdS9A-K_Y,2021-05-11,29,40,64,14,0,6
ZM,Zambia,,,Lusaka Metropolitan Area,,,ChIJL3hQiiWNQBkRwgsdS9A-K_Y,2021-05-12,28,42,63,17,0,7
ZM,Zambia,,,Lusaka Metropolitan Area,,,ChIJL3hQiiWNQBkRwgsdS9A-K_Y,2021-05-13,29,42,55,18,-2,6
ZM,Zambia,,,Lusaka Metropolitan Area,,,ChIJL3hQiiWNQBkRwgsdS9A-K_Y,2021-05-14,31,40,62,19,2,6
ZM,Zambia,,,Lusaka Metropolitan Area,,,ChIJL3hQiiWNQBkRwgsdS9A-K_Y,2021-05-15,35,39,76,12,3,4
ZM,Zambia,,,Lusaka Metropolitan Area,,,ChIJL3hQiiWNQBkRwgsdS9A-K_Y,2021-05-16,28,38,57,-1,-5,3
ZM,Zambia,,,Lusaka Metropolitan Area,,,ChIJL3hQiiWNQBkRwgsdS9A-K_Y,2021-05-17,29,37,67,10,3,5
ZM,Zambia,,,Lusaka Metropolitan Area,,,ChIJL3hQiiWNQBkRwgsdS9A-K_Y,2021-05-18,27,39,67,9,3,7
ZM,Zambia,,,Lusaka Metropolitan Area,,,ChIJL3hQiiWNQBkRwgsdS9A-K_Y,2021-05-19,25,35,62,12,4,8
ZM,Zambia,,,Lusaka Metropolitan Area,,,ChIJL3hQiiWNQBkRwgsdS9A-K_Y,2021-05-20,28,43,69,11,2,7
ZM,Zambia,,,Lusaka Metropolitan Area,,,ChIJL3hQiiWNQBkRwgsdS9A-K_Y,2021-05-21,33,44,64,11,10,6
ZM,Zambia,,,Lusaka Metropolitan Area,,,ChIJL3hQiiWNQBkRwgsdS9A-K_Y,2021-05-22,38,46,105,12,8,3
ZM,Zambia,,,Lusaka Metropolitan Area,,,ChIJL3hQiiWNQBkRwgsdS9A-K_Y,2021-05-23,30,42,66,-4,-2,3
ZM,Zambia,,,Lusaka Metropolitan Area,,,ChIJL3hQiiWNQBkRwgsdS9A-K_Y,2021-05-24,39,45,75,11,3,5
ZM,Zambia,,,Lusaka Metropolitan Area,,,ChIJL3hQiiWNQBkRwgsdS9A-K_Y,2021-05-25,30,44,83,4,-55,16
ZM,Zambia,,,Lusaka Metropolitan Area,,,ChIJL3hQiiWNQBkRwgsdS9A-K_Y,2021-05-26,34,48,84,18,6,6
ZM,Zambia,,,Lusaka Metropolitan Area,,,ChIJL3hQiiWNQBkRwgsdS9A-K_Y,2021-05-27,37,51,88,17,5,6
ZM,Zambia,,,Lusaka Metropolitan Area,,,ChIJL3hQiiWNQBkRwgsdS9A-K_Y,2021-05-28,41,52,100,18,14,5
ZM,Zambia,,,Lusaka Metropolitan Area,,,ChIJL3hQiiWNQBkRwgsdS9A-K_Y,2021-05-29,50,54,114,18,12,1
ZM,Zambia,,,Lusaka Metropolitan Area,,,ChIJL3hQiiWNQBkRwgsdS9A-K_Y,2021-05-30,39,50,80,2,-1,3
ZM,Zambia,,,Lusaka Metropolitan Area,,,ChIJL3hQiiWNQBkRwgsdS9A-K_Y,2021-05-31,41,49,102,14,9,4
ZM,Zambia,,,Lusaka Metropolitan Area,,,ChIJL3hQiiWNQBkRwgsdS9A-K_Y,2021-06-01,42,54,102,14,4,5
ZM,Zambia,,,Lusaka Metropolitan Area,,,ChIJL3hQiiWNQBkRwgsdS9A-K_Y,2021-06-02,38,51,88,14,3,6
ZM,Zambia,,,Lusaka Metropolitan Area,,,ChIJL3hQiiWNQBkRwgsdS9A-K_Y,2021-06-03,37,51,132,17,2,6
ZM,Zambia,,,Lusaka Metropolitan Area,,,ChIJL3hQiiWNQBkRwgsdS9A-K_Y,2021-06-04,38,48,150,18,11,8
ZM,Zambia,,,Lusaka Metropolitan Area,,,ChIJL3hQiiWNQBkRwgsdS9A-K_Y,2021-06-05,39,45,186,14,11,5
ZM,Zambia,,,Lusaka Metropolitan Area,,,ChIJL3hQiiWNQBkRwgsdS9A-K_Y,2021-06-06,34,42,82,-3,-3,5
ZM,Zambia,,,Lusaka Metropolitan Area,,,ChIJL3hQiiWNQBkRwgsdS9A-K_Y,2021-06-07,35,44,172,11,3,7
ZM,Zambia,,,Lusaka Metropolitan Area,,,ChIJL3hQiiWNQBkRwgsdS9A-K_Y,2021-06-08,35,47,90,12,-1,9
ZM,Zambia,,,Lusaka Metropolitan Area,,,ChIJL3hQiiWNQBkRwgsdS9A-K_Y,2021-06-09,30,41,50,12,-2,9
ZM,Zambia,,,Lusaka Metropolitan Area,,,ChIJL3hQiiWNQBkRwgsdS9A-K_Y,2021-06-10,32,48,54,13,-3,9
ZM,Zambia,,,Lusaka Metropolitan Area,,,ChIJL3hQiiWNQBkRwgsdS9A-K_Y,2021-06-11,31,44,34,13,3,11
ZM,Zambia,,,Lusaka Metropolitan Area,,,ChIJL3hQiiWNQBkRwgsdS9A-K_Y,2021-06-12,31,40,56,7,5,8
ZM,Zambia,,,Lusaka Metropolitan Area,,,ChIJL3hQiiWNQBkRwgsdS9A-K_Y,2021-06-13,25,36,62,-4,-7,7
ZM,Zambia,,,Lusaka Metropolitan Area,,,ChIJL3hQiiWNQBkRwgsdS9A-K_Y,2021-06-14,30,40,51,3,-4,9
ZM,Zambia,,,Lusaka Metropolitan Area,,,ChIJL3hQiiWNQBkRwgsdS9A-K_Y,2021-06-15,28,45,54,4,-7,11
ZM,Zambia,,,Lusaka Metropolitan Area,,,ChIJL3hQiiWNQBkRwgsdS9A-K_Y,2021-06-16,24,40,49,4,-10,11
ZM,Zambia,,,Lusaka Metropolitan Area,,,ChIJL3hQiiWNQBkRwgsdS9A-K_Y,2021-06-17,22,41,40,5,-15,13
ZM,Zambia,,,Lusaka Metropolitan Area,,,ChIJL3hQiiWNQBkRwgsdS9A-K_Y,2021-06-18,19,37,37,2,-10,16
ZM,Zambia,,,Lusaka Metropolitan Area,,,ChIJL3hQiiWNQBkRwgsdS9A-K_Y,2021-06-19,17,30,48,-4,0,12
ZM,Zambia,,,Lusaka Metropolitan Area,,,ChIJL3hQiiWNQBkRwgsdS9A-K_Y,2021-06-20,10,25,62,-16,-14,10
ZM,Zambia,,,Lusaka Metropolitan Area,,,ChIJL3hQiiWNQBkRwgsdS9A-K_Y,2021-06-21,17,30,40,-5,-16,14
ZM,Zambia,,,Lusaka Metropolitan Area,,,ChIJL3hQiiWNQBkRwgsdS9A-K_Y,2021-06-22,18,33,48,-3,-20,15
ZM,Zambia,,,Lusaka Metropolitan Area,,,ChIJL3hQiiWNQBkRwgsdS9A-K_Y,2021-06-23,16,33,40,-2,-18,14
ZM,Zambia,,,Lusaka Metropolitan Area,,,ChIJL3hQiiWNQBkRwgsdS9A-K_Y,2021-06-24,17,38,37,0,-21,15
ZM,Zambia,,,Lusaka Metropolitan Area,,,ChIJL3hQiiWNQBkRwgsdS9A-K_Y,2021-06-25,21,42,41,0,-13,15
ZM,Zambia,,,Lusaka Metropolitan Area,,,ChIJL3hQiiWNQBkRwgsdS9A-K_Y,2021-06-26,22,39,57,1,0,10
ZM,Zambia,,,Lusaka Metropolitan Area,,,ChIJL3hQiiWNQBkRwgsdS9A-K_Y,2021-06-27,16,33,63,-12,-11,9
ZM,Zambia,,,Lusaka Metropolitan Area,,,ChIJL3hQiiWNQBkRwgsdS9A-K_Y,2021-06-28,24,39,63,0,-16,11
ZM,Zambia,,,Lusaka Metropolitan Area,,,ChIJL3hQiiWNQBkRwgsdS9A-K_Y,2021-06-29,22,40,63,1,-18,13
ZM,Zambia,,,Lusaka Metropolitan Area,,,ChIJL3hQiiWNQBkRwgsdS9A-K_Y,2021-06-30,24,44,64,6,-16,13
ZM,Zambia,,,Lusaka Metropolitan Area,,,ChIJL3hQiiWNQBkRwgsdS9A-K_Y,2021-07-01,29,51,61,10,-18,13
ZM,Zambia,,,Lusaka Metropolitan Area,,,ChIJL3hQiiWNQBkRwgsdS9A-K_Y,2021-07-02,18,43,48,4,-35,20
ZM,Zambia,,,Lusaka Metropolitan Area,,,ChIJL3hQiiWNQBkRwgsdS9A-K_Y,2021-07-03,25,44,74,8,1,9
ZM,Zambia,,,Lusaka Metropolitan Area,,,ChIJL3hQiiWNQBkRwgsdS9A-K_Y,2021-07-04,19,37,71,-8,-12,8
ZM,Zambia,,,Lusaka Metropolitan Area,,,ChIJL3hQiiWNQBkRwgsdS9A-K_Y,2021-07-05,21,38,77,-5,-55,18
ZM,Zambia,,,Lusaka Metropolitan Area,,,ChIJL3hQiiWNQBkRwgsdS9A-K_Y,2021-07-06,16,37,68,-4,-56,20
ZM,Zambia,,,Lusaka Metropolitan Area,,,ChIJL3hQiiWNQBkRwgsdS9A-K_Y,2021-07-07,-5,12,66,-21,-66,25
ZM,Zambia,,,Lusaka Metropolitan Area,,,ChIJL3hQiiWNQBkRwgsdS9A-K_Y,2021-07-08,27,50,47,13,-12,11
ZM,Zambia,,,Lusaka Metropolitan Area,,,ChIJL3hQiiWNQBkRwgsdS9A-K_Y,2021-07-09,22,43,38,7,-5,13
ZM,Zambia,,,Lusaka Metropolitan Area,,,ChIJL3hQiiWNQBkRwgsdS9A-K_Y,2021-07-10,20,39,73,5,8,9
ZM,Zambia,,,Lusaka Metropolitan Area,,,ChIJL3hQiiWNQBkRwgsdS9A-K_Y,2021-07-11,13,31,66,-11,-7,9
ZM,Zambia,,,Lusaka Metropolitan Area,,,ChIJL3hQiiWNQBkRwgsdS9A-K_Y,2021-07-12,28,41,59,6,-8,11
ZM,Zambia,,,Lusaka Metropolitan Area,,,ChIJL3hQiiWNQBkRwgsdS9A-K_Y,2021-07-13,26,45,60,7,-11,10
ZM,Zambia,,,Lusaka Metropolitan Area,,,ChIJL3hQiiWNQBkRwgsdS9A-K_Y,2021-07-14,22,42,49,7,-10,11
ZM,Zambia,,,Lusaka Metropolitan Area,,,ChIJL3hQiiWNQBkRwgsdS9A-K_Y,2021-07-15,23,45,48,8,-11,11
ZM,Zambia,,,Lusaka Metropolitan Area,,,ChIJL3hQiiWNQBkRwgsdS9A-K_Y,2021-07-16,19,40,50,7,-3,13
ZM,Zambia,,,Lusaka Metropolitan Area,,,ChIJL3hQiiWNQBkRwgsdS9A-K_Y,2021-07-17,19,38,69,4,7,9
