country_region_code,country_region,sub_region_1,sub_region_2,metro_area,iso_3166_2_code,census_fips_code,place_id,date,retail_and_recreation_percent_change_from_baseline,grocery_and_pharmacy_percent_change_from_baseline,parks_percent_change_from_baseline,transit_stations_percent_change_from_baseline,workplaces_percent_change_from_baseline,residential_percent_change_from_baseline
ML,Mali,,,,,,ChIJz3MQG4g-FA4RgM-9oOJbOrs,2021-01-01,-19,2,15,-23,-51,15
ML,Mali,,,,,,ChIJz3MQG4g-FA4RgM-9oOJbOrs,2021-01-02,-3,19,19,-7,-7,5
ML,Mali,,,,,,ChIJz3MQG4g-FA4RgM-9oOJbOrs,2021-01-03,-6,-15,18,2,-5,4
ML,Mali,,,,,,ChIJz3MQG4g-FA4RgM-9oOJbOrs,2021-01-04,8,-5,31,16,-9,3
ML,Mali,,,,,,ChIJz3MQG4g-FA4RgM-9oOJbOrs,2021-01-05,3,25,32,5,-9,3
ML,Mali,,,,,,ChIJz3MQG4g-FA4RgM-9oOJbOrs,2021-01-06,2,29,29,2,-7,5
ML,Mali,,,,,,ChIJz3MQG4g-FA4RgM-9oOJbOrs,2021-01-07,2,29,27,2,-10,5
ML,Mali,,,,,,ChIJz3MQG4g-FA4RgM-9oOJbOrs,2021-01-08,2,22,18,-4,-9,4
ML,Mali,,,,,,ChIJz3MQG4g-FA4RgM-9oOJbOrs,2021-01-09,7,27,21,-13,2,0
ML,Mali,,,,,,ChIJz3MQG4g-FA4RgM-9oOJbOrs,2021-01-10,4,-15,15,-6,-5,1
ML,Mali,,,,,,ChIJz3MQG4g-FA4RgM-9oOJbOrs,2021-01-11,11,-8,32,-4,-7,2
ML,Mali,,,,,,ChIJz3MQG4g-FA4RgM-9oOJbOrs,2021-01-12,6,20,32,-7,-8,2
ML,Mali,,,,,,ChIJz3MQG4g-FA4RgM-9oOJbOrs,2021-01-13,1,23,21,-6,-9,2
ML,Mali,,,,,,ChIJz3MQG4g-FA4RgM-9oOJbOrs,2021-01-14,0,21,17,-10,-15,2
ML,Mali,,,,,,ChIJz3MQG4g-FA4RgM-9oOJbOrs,2021-01-15,-4,12,7,-13,-16,2
ML,Mali,,,,,,ChIJz3MQG4g-FA4RgM-9oOJbOrs,2021-01-16,-2,14,9,-19,-7,2
ML,Mali,,,,,,ChIJz3MQG4g-FA4RgM-9oOJbOrs,2021-01-17,-5,-21,12,-15,-10,2
ML,Mali,,,,,,ChIJz3MQG4g-FA4RgM-9oOJbOrs,2021-01-18,3,-14,28,-11,-12,3
ML,Mali,,,,,,ChIJz3MQG4g-FA4RgM-9oOJbOrs,2021-01-19,1,17,31,-11,-12,2
ML,Mali,,,,,,ChIJz3MQG4g-FA4RgM-9oOJbOrs,2021-01-20,-9,14,21,-17,-36,11
ML,Mali,,,,,,ChIJz3MQG4g-FA4RgM-9oOJbOrs,2021-01-21,2,23,27,-7,-13,3
ML,Mali,,,,,,ChIJz3MQG4g-FA4RgM-9oOJbOrs,2021-01-22,-1,16,31,-9,-11,3
ML,Mali,,,,,,ChIJz3MQG4g-FA4RgM-9oOJbOrs,2021-01-23,5,21,32,-15,-1,1
ML,Mali,,,,,,ChIJz3MQG4g-FA4RgM-9oOJbOrs,2021-01-24,3,-15,36,-4,-6,1
ML,Mali,,,,,,ChIJz3MQG4g-FA4RgM-9oOJbOrs,2021-01-25,8,-7,46,-6,-8,-1
ML,Mali,,,,,,ChIJz3MQG4g-FA4RgM-9oOJbOrs,2021-01-26,5,20,50,-7,-7,0
ML,Mali,,,,,,ChIJz3MQG4g-FA4RgM-9oOJbOrs,2021-01-27,4,29,38,-4,-6,0
ML,Mali,,,,,,ChIJz3MQG4g-FA4RgM-9oOJbOrs,2021-01-28,5,31,35,-4,-10,-1
ML,Mali,,,,,,ChIJz3MQG4g-FA4RgM-9oOJbOrs,2021-01-29,5,21,26,-4,-10,-4
ML,Mali,,,,,,ChIJz3MQG4g-FA4RgM-9oOJbOrs,2021-01-30,9,27,20,-4,-5,-6
ML,Mali,,,,,,ChIJz3MQG4g-FA4RgM-9oOJbOrs,2021-01-31,2,-12,25,2,-12,-4
ML,Mali,,,,,,ChIJz3MQG4g-FA4RgM-9oOJbOrs,2021-02-01,12,-5,37,6,-9,-7
ML,Mali,,,,,,ChIJz3MQG4g-FA4RgM-9oOJbOrs,2021-02-02,9,30,41,0,-10,-8
ML,Mali,,,,,,ChIJz3MQG4g-FA4RgM-9oOJbOrs,2021-02-03,-1,23,29,-4,-12,-6
ML,Mali,,,,,,ChIJz3MQG4g-FA4RgM-9oOJbOrs,2021-02-04,-4,20,25,-10,-17,-7
ML,Mali,,,,,,ChIJz3MQG4g-FA4RgM-9oOJbOrs,2021-02-05,-3,14,43,-11,-16,-8
ML,Mali,,,,,,ChIJz3MQG4g-FA4RgM-9oOJbOrs,2021-02-06,1,15,47,-20,-12,-7
ML,Mali,,,,,,ChIJz3MQG4g-FA4RgM-9oOJbOrs,2021-02-07,-12,-25,27,-16,-22,-3
ML,Mali,,,,,,ChIJz3MQG4g-FA4RgM-9oOJbOrs,2021-02-08,4,-13,40,-12,-15,-8
ML,Mali,,,,,,ChIJz3MQG4g-FA4RgM-9oOJbOrs,2021-02-09,3,24,41,-12,-14,-8
ML,Mali,,,,,,ChIJz3MQG4g-FA4RgM-9oOJbOrs,2021-02-10,1,28,31,-8,-11,-7
ML,Mali,,,,,,ChIJz3MQG4g-FA4RgM-9oOJbOrs,2021-02-11,0,24,23,-10,-15,-7
ML,Mali,,,,,,ChIJz3MQG4g-FA4RgM-9oOJbOrs,2021-02-12,-1,15,13,-12,-16,-9
ML,Mali,,,,,,ChIJz3MQG4g-FA4RgM-9oOJbOrs,2021-02-13,2,17,17,-16,-13,-9
ML,Mali,,,,,,ChIJz3MQG4g-FA4RgM-9oOJbOrs,2021-02-14,1,-16,22,-15,-21,-7
ML,Mali,,,,,,ChIJz3MQG4g-FA4RgM-9oOJbOrs,2021-02-15,5,-12,24,-7,-15,-9
ML,Mali,,,,,,ChIJz3MQG4g-FA4RgM-9oOJbOrs,2021-02-16,3,22,24,-14,-15,-10
ML,Mali,,,,,,ChIJz3MQG4g-FA4RgM-9oOJbOrs,2021-02-17,-1,21,20,-14,-15,-7
ML,Mali,,,,,,ChIJz3MQG4g-FA4RgM-9oOJbOrs,2021-02-18,2,25,17,-8,-17,-8
ML,Mali,,,,,,ChIJz3MQG4g-FA4RgM-9oOJbOrs,2021-02-19,1,14,14,-13,-14,-9
ML,Mali,,,,,,ChIJz3MQG4g-FA4RgM-9oOJbOrs,2021-02-20,7,20,18,-15,-10,-9
ML,Mali,,,,,,ChIJz3MQG4g-FA4RgM-9oOJbOrs,2021-02-21,0,-17,18,-14,-19,-6
ML,Mali,,,,,,ChIJz3MQG4g-FA4RgM-9oOJbOrs,2021-02-22,6,-11,27,-5,-11,-9
ML,Mali,,,,,,ChIJz3MQG4g-FA4RgM-9oOJbOrs,2021-02-23,5,22,29,-9,-12,-9
ML,Mali,,,,,,ChIJz3MQG4g-FA4RgM-9oOJbOrs,2021-02-24,4,27,24,-7,-10,-8
ML,Mali,,,,,,ChIJz3MQG4g-FA4RgM-9oOJbOrs,2021-02-25,4,26,24,-3,-14,-8
ML,Mali,,,,,,ChIJz3MQG4g-FA4RgM-9oOJbOrs,2021-02-26,2,19,47,-3,-13,-9
ML,Mali,,,,,,ChIJz3MQG4g-FA4RgM-9oOJbOrs,2021-02-27,10,25,83,-9,-9,-9
ML,Mali,,,,,,ChIJz3MQG4g-FA4RgM-9oOJbOrs,2021-02-28,4,-11,52,-5,-19,-8
ML,Mali,,,,,,ChIJz3MQG4g-FA4RgM-9oOJbOrs,2021-03-01,9,-6,27,1,-11,-10
ML,Mali,,,,,,ChIJz3MQG4g-FA4RgM-9oOJbOrs,2021-03-02,7,25,29,-8,-11,-10
ML,Mali,,,,,,ChIJz3MQG4g-FA4RgM-9oOJbOrs,2021-03-03,6,30,33,-2,-10,-8
ML,Mali,,,,,,ChIJz3MQG4g-FA4RgM-9oOJbOrs,2021-03-04,5,26,27,-4,-13,-8
ML,Mali,,,,,,ChIJz3MQG4g-FA4RgM-9oOJbOrs,2021-03-05,6,19,37,-7,-12,-10
ML,Mali,,,,,,ChIJz3MQG4g-FA4RgM-9oOJbOrs,2021-03-06,12,24,53,-8,-10,-10
ML,Mali,,,,,,ChIJz3MQG4g-FA4RgM-9oOJbOrs,2021-03-07,4,-16,43,-7,-19,-8
ML,Mali,,,,,,ChIJz3MQG4g-FA4RgM-9oOJbOrs,2021-03-08,8,-9,37,-5,-13,-9
ML,Mali,,,,,,ChIJz3MQG4g-FA4RgM-9oOJbOrs,2021-03-09,7,22,34,-11,-10,-10
ML,Mali,,,,,,ChIJz3MQG4g-FA4RgM-9oOJbOrs,2021-03-10,6,32,36,-4,-9,-8
ML,Mali,,,,,,ChIJz3MQG4g-FA4RgM-9oOJbOrs,2021-03-11,3,28,28,-2,-13,-8
ML,Mali,,,,,,ChIJz3MQG4g-FA4RgM-9oOJbOrs,2021-03-12,4,23,20,-6,-11,-9
ML,Mali,,,,,,ChIJz3MQG4g-FA4RgM-9oOJbOrs,2021-03-13,10,26,22,-11,-9,-9
ML,Mali,,,,,,ChIJz3MQG4g-FA4RgM-9oOJbOrs,2021-03-14,5,-12,21,-4,-20,-7
ML,Mali,,,,,,ChIJz3MQG4g-FA4RgM-9oOJbOrs,2021-03-15,10,-4,33,-1,-8,-9
ML,Mali,,,,,,ChIJz3MQG4g-FA4RgM-9oOJbOrs,2021-03-16,7,25,39,-5,-9,-10
ML,Mali,,,,,,ChIJz3MQG4g-FA4RgM-9oOJbOrs,2021-03-17,5,33,37,-2,-7,-8
ML,Mali,,,,,,ChIJz3MQG4g-FA4RgM-9oOJbOrs,2021-03-18,5,31,33,-3,-10,-8
ML,Mali,,,,,,ChIJz3MQG4g-FA4RgM-9oOJbOrs,2021-03-19,6,27,26,-2,-8,-9
ML,Mali,,,,,,ChIJz3MQG4g-FA4RgM-9oOJbOrs,2021-03-20,13,30,35,-9,-7,-10
ML,Mali,,,,,,ChIJz3MQG4g-FA4RgM-9oOJbOrs,2021-03-21,6,-10,29,-6,-18,-8
ML,Mali,,,,,,ChIJz3MQG4g-FA4RgM-9oOJbOrs,2021-03-22,10,0,44,0,-8,-10
ML,Mali,,,,,,ChIJz3MQG4g-FA4RgM-9oOJbOrs,2021-03-23,7,26,41,-13,-9,-10
ML,Mali,,,,,,ChIJz3MQG4g-FA4RgM-9oOJbOrs,2021-03-24,7,37,43,-3,-7,-8
ML,Mali,,,,,,ChIJz3MQG4g-FA4RgM-9oOJbOrs,2021-03-25,13,43,46,7,-13,-11
ML,Mali,,,,,,ChIJz3MQG4g-FA4RgM-9oOJbOrs,2021-03-26,0,24,24,-7,-43,-2
ML,Mali,,,,,,ChIJz3MQG4g-FA4RgM-9oOJbOrs,2021-03-27,15,36,46,-5,-10,-9
ML,Mali,,,,,,ChIJz3MQG4g-FA4RgM-9oOJbOrs,2021-03-28,11,-5,44,5,-22,-9
ML,Mali,,,,,,ChIJz3MQG4g-FA4RgM-9oOJbOrs,2021-03-29,13,3,42,6,-10,-9
ML,Mali,,,,,,ChIJz3MQG4g-FA4RgM-9oOJbOrs,2021-03-30,11,36,50,4,-9,-10
ML,Mali,,,,,,ChIJz3MQG4g-FA4RgM-9oOJbOrs,2021-03-31,11,43,49,9,-14,-7
ML,Mali,,,,,,ChIJz3MQG4g-FA4RgM-9oOJbOrs,2021-04-01,10,43,35,10,-16,-7
ML,Mali,,,,,,ChIJz3MQG4g-FA4RgM-9oOJbOrs,2021-04-02,9,32,43,2,-15,-7
ML,Mali,,,,,,ChIJz3MQG4g-FA4RgM-9oOJbOrs,2021-04-03,16,42,55,2,-10,-10
ML,Mali,,,,,,ChIJz3MQG4g-FA4RgM-9oOJbOrs,2021-04-04,11,-4,55,3,-20,-9
ML,Mali,,,,,,ChIJz3MQG4g-FA4RgM-9oOJbOrs,2021-04-05,1,-6,24,4,-45,-1
ML,Mali,,,,,,ChIJz3MQG4g-FA4RgM-9oOJbOrs,2021-04-06,12,39,47,13,-6,-11
ML,Mali,,,,,,ChIJz3MQG4g-FA4RgM-9oOJbOrs,2021-04-07,10,45,39,5,-7,-9
ML,Mali,,,,,,ChIJz3MQG4g-FA4RgM-9oOJbOrs,2021-04-08,10,44,39,8,-11,-9
ML,Mali,,,,,,ChIJz3MQG4g-FA4RgM-9oOJbOrs,2021-04-09,10,41,33,3,-8,-9
ML,Mali,,,,,,ChIJz3MQG4g-FA4RgM-9oOJbOrs,2021-04-10,15,45,38,-2,-4,-10
ML,Mali,,,,,,ChIJz3MQG4g-FA4RgM-9oOJbOrs,2021-04-11,5,-2,29,7,-14,-7
ML,Mali,,,,,,ChIJz3MQG4g-FA4RgM-9oOJbOrs,2021-04-12,20,19,46,11,-4,-11
ML,Mali,,,,,,ChIJz3MQG4g-FA4RgM-9oOJbOrs,2021-04-13,-5,33,26,-4,-10,-7
ML,Mali,,,,,,ChIJz3MQG4g-FA4RgM-9oOJbOrs,2021-04-14,-5,35,27,-3,-10,-5
ML,Mali,,,,,,ChIJz3MQG4g-FA4RgM-9oOJbOrs,2021-04-15,-6,37,16,-2,-11,-4
ML,Mali,,,,,,ChIJz3MQG4g-FA4RgM-9oOJbOrs,2021-04-16,-8,28,8,-8,-11,-3
ML,Mali,,,,,,ChIJz3MQG4g-FA4RgM-9oOJbOrs,2021-04-17,1,36,13,-14,-5,-1
ML,Mali,,,,,,ChIJz3MQG4g-FA4RgM-9oOJbOrs,2021-04-18,-10,-12,5,-8,-9,3
ML,Mali,,,,,,ChIJz3MQG4g-FA4RgM-9oOJbOrs,2021-04-19,4,5,23,-1,-5,-4
ML,Mali,,,,,,ChIJz3MQG4g-FA4RgM-9oOJbOrs,2021-04-20,2,38,27,-7,-5,-4
ML,Mali,,,,,,ChIJz3MQG4g-FA4RgM-9oOJbOrs,2021-04-21,0,39,26,-9,-6,-4
ML,Mali,,,,,,ChIJz3MQG4g-FA4RgM-9oOJbOrs,2021-04-22,-2,38,17,-11,-8,-3
ML,Mali,,,,,,ChIJz3MQG4g-FA4RgM-9oOJbOrs,2021-04-23,0,35,18,-10,-7,-3
ML,Mali,,,,,,ChIJz3MQG4g-FA4RgM-9oOJbOrs,2021-04-24,1,39,19,-17,-2,-2
ML,Mali,,,,,,ChIJz3MQG4g-FA4RgM-9oOJbOrs,2021-04-25,-6,-4,13,-11,-6,2
ML,Mali,,,,,,ChIJz3MQG4g-FA4RgM-9oOJbOrs,2021-04-26,7,9,32,-8,-3,-4
ML,Mali,,,,,,ChIJz3MQG4g-FA4RgM-9oOJbOrs,2021-04-27,2,37,35,-6,-6,-5
ML,Mali,,,,,,ChIJz3MQG4g-FA4RgM-9oOJbOrs,2021-04-28,1,41,29,-7,-5,-5
ML,Mali,,,,,,ChIJz3MQG4g-FA4RgM-9oOJbOrs,2021-04-29,1,43,28,-4,-8,-4
ML,Mali,,,,,,ChIJz3MQG4g-FA4RgM-9oOJbOrs,2021-04-30,2,39,22,-12,-8,-5
ML,Mali,,,,,,ChIJz3MQG4g-FA4RgM-9oOJbOrs,2021-05-01,5,44,21,-16,-11,-2
ML,Mali,,,,,,ChIJz3MQG4g-FA4RgM-9oOJbOrs,2021-05-02,0,3,14,-9,-3,1
ML,Mali,,,,,,ChIJz3MQG4g-FA4RgM-9oOJbOrs,2021-05-03,14,17,42,-1,-4,-6
ML,Mali,,,,,,ChIJz3MQG4g-FA4RgM-9oOJbOrs,2021-05-04,10,50,39,-6,-4,-6
ML,Mali,,,,,,ChIJz3MQG4g-FA4RgM-9oOJbOrs,2021-05-05,6,54,33,-1,-3,-5
ML,Mali,,,,,,ChIJz3MQG4g-FA4RgM-9oOJbOrs,2021-05-06,6,51,28,-1,-8,-4
ML,Mali,,,,,,ChIJz3MQG4g-FA4RgM-9oOJbOrs,2021-05-07,3,43,25,-6,-7,-4
ML,Mali,,,,,,ChIJz3MQG4g-FA4RgM-9oOJbOrs,2021-05-08,9,52,27,-7,-3,-5
ML,Mali,,,,,,ChIJz3MQG4g-FA4RgM-9oOJbOrs,2021-05-09,6,11,19,0,1,-2
ML,Mali,,,,,,ChIJz3MQG4g-FA4RgM-9oOJbOrs,2021-05-10,19,22,42,6,-9,-6
ML,Mali,,,,,,ChIJz3MQG4g-FA4RgM-9oOJbOrs,2021-05-11,36,98,60,23,-16,-9
ML,Mali,,,,,,ChIJz3MQG4g-FA4RgM-9oOJbOrs,2021-05-12,-5,27,36,-34,-75,1
ML,Mali,,,,,,ChIJz3MQG4g-FA4RgM-9oOJbOrs,2021-05-13,-1,32,45,-29,-55,3
ML,Mali,,,,,,ChIJz3MQG4g-FA4RgM-9oOJbOrs,2021-05-14,8,39,42,-13,-33,-1
ML,Mali,,,,,,ChIJz3MQG4g-FA4RgM-9oOJbOrs,2021-05-15,12,41,47,-14,-23,-3
ML,Mali,,,,,,ChIJz3MQG4g-FA4RgM-9oOJbOrs,2021-05-16,13,2,49,6,-15,-4
ML,Mali,,,,,,ChIJz3MQG4g-FA4RgM-9oOJbOrs,2021-05-17,22,19,53,11,-9,-7
ML,Mali,,,,,,ChIJz3MQG4g-FA4RgM-9oOJbOrs,2021-05-18,16,54,61,5,-7,-6
ML,Mali,,,,,,ChIJz3MQG4g-FA4RgM-9oOJbOrs,2021-05-19,12,57,52,3,-7,-4
ML,Mali,,,,,,ChIJz3MQG4g-FA4RgM-9oOJbOrs,2021-05-20,6,51,46,-4,-10,-4
ML,Mali,,,,,,ChIJz3MQG4g-FA4RgM-9oOJbOrs,2021-05-21,18,56,55,-2,-7,-8
ML,Mali,,,,,,ChIJz3MQG4g-FA4RgM-9oOJbOrs,2021-05-22,27,65,62,0,3,-11
ML,Mali,,,,,,ChIJz3MQG4g-FA4RgM-9oOJbOrs,2021-05-23,18,7,52,3,-9,-7
ML,Mali,,,,,,ChIJz3MQG4g-FA4RgM-9oOJbOrs,2021-05-24,26,25,70,11,-4,-9
ML,Mali,,,,,,ChIJz3MQG4g-FA4RgM-9oOJbOrs,2021-05-25,13,55,58,-1,-36,0
ML,Mali,,,,,,ChIJz3MQG4g-FA4RgM-9oOJbOrs,2021-05-26,19,70,64,6,2,-9
ML,Mali,,,,,,ChIJz3MQG4g-FA4RgM-9oOJbOrs,2021-05-27,27,74,65,15,-3,-10
ML,Mali,,,,,,ChIJz3MQG4g-FA4RgM-9oOJbOrs,2021-05-28,27,69,64,14,1,-12
ML,Mali,,,,,,ChIJz3MQG4g-FA4RgM-9oOJbOrs,2021-05-29,33,73,64,6,4,-13
ML,Mali,,,,,,ChIJz3MQG4g-FA4RgM-9oOJbOrs,2021-05-30,21,9,58,8,-10,-10
ML,Mali,,,,,,ChIJz3MQG4g-FA4RgM-9oOJbOrs,2021-05-31,39,36,83,23,3,-15
ML,Mali,,,,,,ChIJz3MQG4g-FA4RgM-9oOJbOrs,2021-06-01,34,80,78,18,3,-16
ML,Mali,,,,,,ChIJz3MQG4g-FA4RgM-9oOJbOrs,2021-06-02,31,86,72,17,4,-15
ML,Mali,,,,,,ChIJz3MQG4g-FA4RgM-9oOJbOrs,2021-06-03,24,72,67,15,-1,-13
ML,Mali,,,,,,ChIJz3MQG4g-FA4RgM-9oOJbOrs,2021-06-04,33,75,86,15,4,-14
ML,Mali,,,,,,ChIJz3MQG4g-FA4RgM-9oOJbOrs,2021-06-05,36,77,66,10,5,-14
ML,Mali,,,,,,ChIJz3MQG4g-FA4RgM-9oOJbOrs,2021-06-06,25,11,58,14,-9,-10
ML,Mali,,,,,,ChIJz3MQG4g-FA4RgM-9oOJbOrs,2021-06-07,39,37,91,19,5,-15
ML,Mali,,,,,,ChIJz3MQG4g-FA4RgM-9oOJbOrs,2021-06-08,35,78,83,17,5,-15
ML,Mali,,,,,,ChIJz3MQG4g-FA4RgM-9oOJbOrs,2021-06-09,33,82,77,14,5,-14
ML,Mali,,,,,,ChIJz3MQG4g-FA4RgM-9oOJbOrs,2021-06-10,30,78,69,17,2,-14
ML,Mali,,,,,,ChIJz3MQG4g-FA4RgM-9oOJbOrs,2021-06-11,31,69,68,15,5,-14
ML,Mali,,,,,,ChIJz3MQG4g-FA4RgM-9oOJbOrs,2021-06-12,36,72,63,13,6,-13
ML,Mali,,,,,,ChIJz3MQG4g-FA4RgM-9oOJbOrs,2021-06-13,20,6,57,12,-9,-9
ML,Mali,,,,,,ChIJz3MQG4g-FA4RgM-9oOJbOrs,2021-06-14,31,23,69,17,4,-12
ML,Mali,,,,,,ChIJz3MQG4g-FA4RgM-9oOJbOrs,2021-06-15,32,69,77,19,3,-14
ML,Mali,,,,,,ChIJz3MQG4g-FA4RgM-9oOJbOrs,2021-06-16,30,79,77,22,4,-15
ML,Mali,,,,,,ChIJz3MQG4g-FA4RgM-9oOJbOrs,2021-06-17,27,74,67,35,0,-14
ML,Mali,,,,,,ChIJz3MQG4g-FA4RgM-9oOJbOrs,2021-06-18,25,61,62,23,2,-14
ML,Mali,,,,,,ChIJz3MQG4g-FA4RgM-9oOJbOrs,2021-06-19,25,57,58,16,1,-12
ML,Mali,,,,,,ChIJz3MQG4g-FA4RgM-9oOJbOrs,2021-06-20,21,7,63,23,-12,-12
ML,Mali,,,,,,ChIJz3MQG4g-FA4RgM-9oOJbOrs,2021-06-21,30,23,70,27,-1,-15
ML,Mali,,,,,,ChIJz3MQG4g-FA4RgM-9oOJbOrs,2021-06-22,28,62,71,31,-1,-15
ML,Mali,,,,,,ChIJz3MQG4g-FA4RgM-9oOJbOrs,2021-06-23,30,74,74,32,2,-15
ML,Mali,,,,,,ChIJz3MQG4g-FA4RgM-9oOJbOrs,2021-06-24,30,72,75,37,-4,-15
ML,Mali,,,,,,ChIJz3MQG4g-FA4RgM-9oOJbOrs,2021-06-25,26,58,71,29,0,-14
ML,Mali,,,,,,ChIJz3MQG4g-FA4RgM-9oOJbOrs,2021-06-26,40,73,86,32,3,-14
ML,Mali,,,,,,ChIJz3MQG4g-FA4RgM-9oOJbOrs,2021-06-27,30,14,80,31,-10,-12
ML,Mali,,,Bamako Metropolitan Area,,,ChIJaf_bnsLNUQ4RUNiQnsuXQg8,2021-01-01,-30,-8,35,-32,-53,16
ML,Mali,,,Bamako Metropolitan Area,,,ChIJaf_bnsLNUQ4RUNiQnsuXQg8,2021-01-02,-12,8,27,-17,-7,6
ML,Mali,,,Bamako Metropolitan Area,,,ChIJaf_bnsLNUQ4RUNiQnsuXQg8,2021-01-03,-16,4,23,-7,6,4
ML,Mali,,,Bamako Metropolitan Area,,,ChIJaf_bnsLNUQ4RUNiQnsuXQg8,2021-01-04,-2,21,47,12,-7,3
ML,Mali,,,Bamako Metropolitan Area,,,ChIJaf_bnsLNUQ4RUNiQnsuXQg8,2021-01-05,-6,12,42,-2,-8,4
ML,Mali,,,Bamako Metropolitan Area,,,ChIJaf_bnsLNUQ4RUNiQnsuXQg8,2021-01-06,-7,16,50,-10,-7,6
ML,Mali,,,Bamako Metropolitan Area,,,ChIJaf_bnsLNUQ4RUNiQnsuXQg8,2021-01-07,-8,21,43,-14,-7,6
ML,Mali,,,Bamako Metropolitan Area,,,ChIJaf_bnsLNUQ4RUNiQnsuXQg8,2021-01-08,-10,11,28,-16,-7,5
ML,Mali,,,Bamako Metropolitan Area,,,ChIJaf_bnsLNUQ4RUNiQnsuXQg8,2021-01-09,-4,16,23,-28,3,1
ML,Mali,,,Bamako Metropolitan Area,,,ChIJaf_bnsLNUQ4RUNiQnsuXQg8,2021-01-10,-7,5,18,-19,5,0
ML,Mali,,,Bamako Metropolitan Area,,,ChIJaf_bnsLNUQ4RUNiQnsuXQg8,2021-01-11,-2,18,40,-16,-5,3
ML,Mali,,,Bamako Metropolitan Area,,,ChIJaf_bnsLNUQ4RUNiQnsuXQg8,2021-01-12,-6,7,36,-22,-7,3
ML,Mali,,,Bamako Metropolitan Area,,,ChIJaf_bnsLNUQ4RUNiQnsuXQg8,2021-01-13,-10,11,38,-20,-10,3
ML,Mali,,,Bamako Metropolitan Area,,,ChIJaf_bnsLNUQ4RUNiQnsuXQg8,2021-01-14,-11,14,27,-26,-12,3
ML,Mali,,,Bamako Metropolitan Area,,,ChIJaf_bnsLNUQ4RUNiQnsuXQg8,2021-01-15,-16,0,16,-24,-15,3
ML,Mali,,,Bamako Metropolitan Area,,,ChIJaf_bnsLNUQ4RUNiQnsuXQg8,2021-01-16,-13,2,11,-34,-7,2
ML,Mali,,,Bamako Metropolitan Area,,,ChIJaf_bnsLNUQ4RUNiQnsuXQg8,2021-01-17,-16,-3,20,-27,-1,2
ML,Mali,,,Bamako Metropolitan Area,,,ChIJaf_bnsLNUQ4RUNiQnsuXQg8,2021-01-18,-10,10,45,-23,-12,3
ML,Mali,,,Bamako Metropolitan Area,,,ChIJaf_bnsLNUQ4RUNiQnsuXQg8,2021-01-19,-10,5,35,-26,-12,3
ML,Mali,,,Bamako Metropolitan Area,,,ChIJaf_bnsLNUQ4RUNiQnsuXQg8,2021-01-20,-20,2,33,-32,-39,12
ML,Mali,,,Bamako Metropolitan Area,,,ChIJaf_bnsLNUQ4RUNiQnsuXQg8,2021-01-21,-10,15,35,-23,-11,3
ML,Mali,,,Bamako Metropolitan Area,,,ChIJaf_bnsLNUQ4RUNiQnsuXQg8,2021-01-22,-14,4,58,-22,-11,4
ML,Mali,,,Bamako Metropolitan Area,,,ChIJaf_bnsLNUQ4RUNiQnsuXQg8,2021-01-23,-7,8,52,-32,-1,2
ML,Mali,,,Bamako Metropolitan Area,,,ChIJaf_bnsLNUQ4RUNiQnsuXQg8,2021-01-24,-10,3,64,-24,2,0
ML,Mali,,,Bamako Metropolitan Area,,,ChIJaf_bnsLNUQ4RUNiQnsuXQg8,2021-01-25,-6,18,82,-21,-6,-1
ML,Mali,,,Bamako Metropolitan Area,,,ChIJaf_bnsLNUQ4RUNiQnsuXQg8,2021-01-26,-7,6,80,-25,-6,0
ML,Mali,,,Bamako Metropolitan Area,,,ChIJaf_bnsLNUQ4RUNiQnsuXQg8,2021-01-27,-7,17,71,-17,-6,1
ML,Mali,,,Bamako Metropolitan Area,,,ChIJaf_bnsLNUQ4RUNiQnsuXQg8,2021-01-28,-7,21,69,-19,-6,-1
ML,Mali,,,Bamako Metropolitan Area,,,ChIJaf_bnsLNUQ4RUNiQnsuXQg8,2021-01-29,-7,10,50,-14,-8,-4
ML,Mali,,,Bamako Metropolitan Area,,,ChIJaf_bnsLNUQ4RUNiQnsuXQg8,2021-01-30,-2,16,33,-18,-3,-6
ML,Mali,,,Bamako Metropolitan Area,,,ChIJaf_bnsLNUQ4RUNiQnsuXQg8,2021-01-31,-8,8,44,-12,-2,-5
ML,Mali,,,Bamako Metropolitan Area,,,ChIJaf_bnsLNUQ4RUNiQnsuXQg8,2021-02-01,0,23,64,-5,-7,-7
ML,Mali,,,Bamako Metropolitan Area,,,ChIJaf_bnsLNUQ4RUNiQnsuXQg8,2021-02-02,-1,18,69,-16,-8,-8
ML,Mali,,,Bamako Metropolitan Area,,,ChIJaf_bnsLNUQ4RUNiQnsuXQg8,2021-02-03,-9,12,75,-17,-11,-6
ML,Mali,,,Bamako Metropolitan Area,,,ChIJaf_bnsLNUQ4RUNiQnsuXQg8,2021-02-04,-13,13,67,-21,-13,-7
ML,Mali,,,Bamako Metropolitan Area,,,ChIJaf_bnsLNUQ4RUNiQnsuXQg8,2021-02-05,-14,5,116,-21,-13,-8
ML,Mali,,,Bamako Metropolitan Area,,,ChIJaf_bnsLNUQ4RUNiQnsuXQg8,2021-02-06,-8,5,118,-32,-9,-8
ML,Mali,,,Bamako Metropolitan Area,,,ChIJaf_bnsLNUQ4RUNiQnsuXQg8,2021-02-07,-21,-7,64,-27,-12,-5
ML,Mali,,,Bamako Metropolitan Area,,,ChIJaf_bnsLNUQ4RUNiQnsuXQg8,2021-02-08,-7,13,91,-21,-11,-8
ML,Mali,,,Bamako Metropolitan Area,,,ChIJaf_bnsLNUQ4RUNiQnsuXQg8,2021-02-09,-6,11,82,-22,-12,-9
ML,Mali,,,Bamako Metropolitan Area,,,ChIJaf_bnsLNUQ4RUNiQnsuXQg8,2021-02-10,-7,18,76,-13,-9,-8
ML,Mali,,,Bamako Metropolitan Area,,,ChIJaf_bnsLNUQ4RUNiQnsuXQg8,2021-02-11,-9,18,67,-20,-11,-8
ML,Mali,,,Bamako Metropolitan Area,,,ChIJaf_bnsLNUQ4RUNiQnsuXQg8,2021-02-12,-12,7,53,-17,-13,-9
ML,Mali,,,Bamako Metropolitan Area,,,ChIJaf_bnsLNUQ4RUNiQnsuXQg8,2021-02-13,-6,8,43,-25,-11,-10
ML,Mali,,,Bamako Metropolitan Area,,,ChIJaf_bnsLNUQ4RUNiQnsuXQg8,2021-02-14,-8,3,58,-26,-12,-8
ML,Mali,,,Bamako Metropolitan Area,,,ChIJaf_bnsLNUQ4RUNiQnsuXQg8,2021-02-15,-5,15,67,-15,-12,-9
ML,Mali,,,Bamako Metropolitan Area,,,ChIJaf_bnsLNUQ4RUNiQnsuXQg8,2021-02-16,-6,12,59,-24,-13,-10
ML,Mali,,,Bamako Metropolitan Area,,,ChIJaf_bnsLNUQ4RUNiQnsuXQg8,2021-02-17,-10,11,61,-22,-14,-7
ML,Mali,,,Bamako Metropolitan Area,,,ChIJaf_bnsLNUQ4RUNiQnsuXQg8,2021-02-18,-7,19,64,-17,-12,-9
ML,Mali,,,Bamako Metropolitan Area,,,ChIJaf_bnsLNUQ4RUNiQnsuXQg8,2021-02-19,-10,6,49,-20,-12,-9
ML,Mali,,,Bamako Metropolitan Area,,,ChIJaf_bnsLNUQ4RUNiQnsuXQg8,2021-02-20,-3,9,50,-25,-8,-9
ML,Mali,,,Bamako Metropolitan Area,,,ChIJaf_bnsLNUQ4RUNiQnsuXQg8,2021-02-21,-11,0,49,-26,-10,-8
ML,Mali,,,Bamako Metropolitan Area,,,ChIJaf_bnsLNUQ4RUNiQnsuXQg8,2021-02-22,-5,13,76,-13,-8,-9
ML,Mali,,,Bamako Metropolitan Area,,,ChIJaf_bnsLNUQ4RUNiQnsuXQg8,2021-02-23,-5,10,73,-24,-10,-9
ML,Mali,,,Bamako Metropolitan Area,,,ChIJaf_bnsLNUQ4RUNiQnsuXQg8,2021-02-24,-5,15,72,-17,-9,-8
ML,Mali,,,Bamako Metropolitan Area,,,ChIJaf_bnsLNUQ4RUNiQnsuXQg8,2021-02-25,-7,17,86,-16,-10,-8
ML,Mali,,,Bamako Metropolitan Area,,,ChIJaf_bnsLNUQ4RUNiQnsuXQg8,2021-02-26,-10,8,129,-17,-10,-10
ML,Mali,,,Bamako Metropolitan Area,,,ChIJaf_bnsLNUQ4RUNiQnsuXQg8,2021-02-27,-2,13,201,-23,-8,-10
ML,Mali,,,Bamako Metropolitan Area,,,ChIJaf_bnsLNUQ4RUNiQnsuXQg8,2021-02-28,-7,5,134,-20,-11,-9
ML,Mali,,,Bamako Metropolitan Area,,,ChIJaf_bnsLNUQ4RUNiQnsuXQg8,2021-03-01,-3,18,73,-11,-8,-11
ML,Mali,,,Bamako Metropolitan Area,,,ChIJaf_bnsLNUQ4RUNiQnsuXQg8,2021-03-02,-4,13,72,-20,-10,-10
ML,Mali,,,Bamako Metropolitan Area,,,ChIJaf_bnsLNUQ4RUNiQnsuXQg8,2021-03-03,-3,17,94,-14,-9,-9
ML,Mali,,,Bamako Metropolitan Area,,,ChIJaf_bnsLNUQ4RUNiQnsuXQg8,2021-03-04,-6,18,87,-17,-8,-9
ML,Mali,,,Bamako Metropolitan Area,,,ChIJaf_bnsLNUQ4RUNiQnsuXQg8,2021-03-05,-6,9,115,-18,-10,-10
ML,Mali,,,Bamako Metropolitan Area,,,ChIJaf_bnsLNUQ4RUNiQnsuXQg8,2021-03-06,1,12,132,-24,-8,-10
ML,Mali,,,Bamako Metropolitan Area,,,ChIJaf_bnsLNUQ4RUNiQnsuXQg8,2021-03-07,-7,1,103,-20,-10,-9
ML,Mali,,,Bamako Metropolitan Area,,,ChIJaf_bnsLNUQ4RUNiQnsuXQg8,2021-03-08,-5,15,103,-16,-10,-10
ML,Mali,,,Bamako Metropolitan Area,,,ChIJaf_bnsLNUQ4RUNiQnsuXQg8,2021-03-09,-5,10,90,-25,-9,-10
ML,Mali,,,Bamako Metropolitan Area,,,ChIJaf_bnsLNUQ4RUNiQnsuXQg8,2021-03-10,-4,21,108,-15,-7,-9
ML,Mali,,,Bamako Metropolitan Area,,,ChIJaf_bnsLNUQ4RUNiQnsuXQg8,2021-03-11,-8,20,88,-19,-9,-9
ML,Mali,,,Bamako Metropolitan Area,,,ChIJaf_bnsLNUQ4RUNiQnsuXQg8,2021-03-12,-8,13,77,-20,-8,-9
ML,Mali,,,Bamako Metropolitan Area,,,ChIJaf_bnsLNUQ4RUNiQnsuXQg8,2021-03-13,-2,14,66,-27,-7,-10
ML,Mali,,,Bamako Metropolitan Area,,,ChIJaf_bnsLNUQ4RUNiQnsuXQg8,2021-03-14,-8,6,62,-23,-11,-8
ML,Mali,,,Bamako Metropolitan Area,,,ChIJaf_bnsLNUQ4RUNiQnsuXQg8,2021-03-15,-3,22,93,-11,-5,-10
ML,Mali,,,Bamako Metropolitan Area,,,ChIJaf_bnsLNUQ4RUNiQnsuXQg8,2021-03-16,-5,11,102,-18,-8,-10
ML,Mali,,,Bamako Metropolitan Area,,,ChIJaf_bnsLNUQ4RUNiQnsuXQg8,2021-03-17,-5,20,109,-15,-5,-8
ML,Mali,,,Bamako Metropolitan Area,,,ChIJaf_bnsLNUQ4RUNiQnsuXQg8,2021-03-18,-6,23,94,-17,-5,-9
ML,Mali,,,Bamako Metropolitan Area,,,ChIJaf_bnsLNUQ4RUNiQnsuXQg8,2021-03-19,-6,16,79,-16,-6,-10
ML,Mali,,,Bamako Metropolitan Area,,,ChIJaf_bnsLNUQ4RUNiQnsuXQg8,2021-03-20,1,18,86,-22,-5,-10
ML,Mali,,,Bamako Metropolitan Area,,,ChIJaf_bnsLNUQ4RUNiQnsuXQg8,2021-03-21,-6,9,73,-18,-10,-9
ML,Mali,,,Bamako Metropolitan Area,,,ChIJaf_bnsLNUQ4RUNiQnsuXQg8,2021-03-22,-3,26,118,-14,-5,-11
ML,Mali,,,Bamako Metropolitan Area,,,ChIJaf_bnsLNUQ4RUNiQnsuXQg8,2021-03-23,-4,13,106,-29,-8,-10
ML,Mali,,,Bamako Metropolitan Area,,,ChIJaf_bnsLNUQ4RUNiQnsuXQg8,2021-03-24,-4,24,128,-15,-6,-9
ML,Mali,,,Bamako Metropolitan Area,,,ChIJaf_bnsLNUQ4RUNiQnsuXQg8,2021-03-25,0,32,128,-6,-9,-11
ML,Mali,,,Bamako Metropolitan Area,,,ChIJaf_bnsLNUQ4RUNiQnsuXQg8,2021-03-26,-14,10,77,-22,-43,-1
ML,Mali,,,Bamako Metropolitan Area,,,ChIJaf_bnsLNUQ4RUNiQnsuXQg8,2021-03-27,1,21,109,-23,-8,-9
ML,Mali,,,Bamako Metropolitan Area,,,ChIJaf_bnsLNUQ4RUNiQnsuXQg8,2021-03-28,-2,14,100,-10,-13,-10
ML,Mali,,,Bamako Metropolitan Area,,,ChIJaf_bnsLNUQ4RUNiQnsuXQg8,2021-03-29,-1,30,99,-8,-8,-10
ML,Mali,,,Bamako Metropolitan Area,,,ChIJaf_bnsLNUQ4RUNiQnsuXQg8,2021-03-30,-2,21,119,-13,-9,-10
ML,Mali,,,Bamako Metropolitan Area,,,ChIJaf_bnsLNUQ4RUNiQnsuXQg8,2021-03-31,-1,28,133,-8,-14,-8
ML,Mali,,,Bamako Metropolitan Area,,,ChIJaf_bnsLNUQ4RUNiQnsuXQg8,2021-04-01,-4,32,91,-8,-13,-7
ML,Mali,,,Bamako Metropolitan Area,,,ChIJaf_bnsLNUQ4RUNiQnsuXQg8,2021-04-02,-6,20,118,-12,-13,-7
ML,Mali,,,Bamako Metropolitan Area,,,ChIJaf_bnsLNUQ4RUNiQnsuXQg8,2021-04-03,3,27,132,-15,-9,-10
ML,Mali,,,Bamako Metropolitan Area,,,ChIJaf_bnsLNUQ4RUNiQnsuXQg8,2021-04-04,-3,15,126,-12,-12,-10
ML,Mali,,,Bamako Metropolitan Area,,,ChIJaf_bnsLNUQ4RUNiQnsuXQg8,2021-04-05,-13,15,71,-11,-46,-1
ML,Mali,,,Bamako Metropolitan Area,,,ChIJaf_bnsLNUQ4RUNiQnsuXQg8,2021-04-06,-1,23,112,-7,-5,-11
ML,Mali,,,Bamako Metropolitan Area,,,ChIJaf_bnsLNUQ4RUNiQnsuXQg8,2021-04-07,-1,31,107,-10,-6,-9
ML,Mali,,,Bamako Metropolitan Area,,,ChIJaf_bnsLNUQ4RUNiQnsuXQg8,2021-04-08,-3,35,111,-8,-6,-9
ML,Mali,,,Bamako Metropolitan Area,,,ChIJaf_bnsLNUQ4RUNiQnsuXQg8,2021-04-09,-4,29,90,-11,-6,-10
ML,Mali,,,Bamako Metropolitan Area,,,ChIJaf_bnsLNUQ4RUNiQnsuXQg8,2021-04-10,2,32,83,-18,-3,-10
ML,Mali,,,Bamako Metropolitan Area,,,ChIJaf_bnsLNUQ4RUNiQnsuXQg8,2021-04-11,-8,16,60,-7,-5,-8
ML,Mali,,,Bamako Metropolitan Area,,,ChIJaf_bnsLNUQ4RUNiQnsuXQg8,2021-04-12,6,48,121,-5,-2,-11
ML,Mali,,,Bamako Metropolitan Area,,,ChIJaf_bnsLNUQ4RUNiQnsuXQg8,2021-04-13,-15,19,77,-20,-9,-7
ML,Mali,,,Bamako Metropolitan Area,,,ChIJaf_bnsLNUQ4RUNiQnsuXQg8,2021-04-14,-14,23,87,-14,-9,-5
ML,Mali,,,Bamako Metropolitan Area,,,ChIJaf_bnsLNUQ4RUNiQnsuXQg8,2021-04-15,-16,30,68,-15,-7,-4
ML,Mali,,,Bamako Metropolitan Area,,,ChIJaf_bnsLNUQ4RUNiQnsuXQg8,2021-04-16,-19,18,49,-20,-10,-2
ML,Mali,,,Bamako Metropolitan Area,,,ChIJaf_bnsLNUQ4RUNiQnsuXQg8,2021-04-17,-9,26,45,-25,-4,-1
ML,Mali,,,Bamako Metropolitan Area,,,ChIJaf_bnsLNUQ4RUNiQnsuXQg8,2021-04-18,-21,5,22,-20,0,2
ML,Mali,,,Bamako Metropolitan Area,,,ChIJaf_bnsLNUQ4RUNiQnsuXQg8,2021-04-19,-7,31,70,-10,-3,-4
ML,Mali,,,Bamako Metropolitan Area,,,ChIJaf_bnsLNUQ4RUNiQnsuXQg8,2021-04-20,-9,26,68,-22,-6,-4
ML,Mali,,,Bamako Metropolitan Area,,,ChIJaf_bnsLNUQ4RUNiQnsuXQg8,2021-04-21,-10,28,85,-26,-6,-4
ML,Mali,,,Bamako Metropolitan Area,,,ChIJaf_bnsLNUQ4RUNiQnsuXQg8,2021-04-22,-12,30,72,-30,-4,-3
ML,Mali,,,Bamako Metropolitan Area,,,ChIJaf_bnsLNUQ4RUNiQnsuXQg8,2021-04-23,-13,24,61,-27,-6,-2
ML,Mali,,,Bamako Metropolitan Area,,,ChIJaf_bnsLNUQ4RUNiQnsuXQg8,2021-04-24,-10,27,54,-36,-2,-2
ML,Mali,,,Bamako Metropolitan Area,,,ChIJaf_bnsLNUQ4RUNiQnsuXQg8,2021-04-25,-16,13,43,-27,3,1
ML,Mali,,,Bamako Metropolitan Area,,,ChIJaf_bnsLNUQ4RUNiQnsuXQg8,2021-04-26,-6,35,93,-24,-2,-4
ML,Mali,,,Bamako Metropolitan Area,,,ChIJaf_bnsLNUQ4RUNiQnsuXQg8,2021-04-27,-9,25,86,-24,-6,-5
ML,Mali,,,Bamako Metropolitan Area,,,ChIJaf_bnsLNUQ4RUNiQnsuXQg8,2021-04-28,-9,30,91,-23,-5,-5
ML,Mali,,,Bamako Metropolitan Area,,,ChIJaf_bnsLNUQ4RUNiQnsuXQg8,2021-04-29,-10,36,93,-22,-4,-4
ML,Mali,,,Bamako Metropolitan Area,,,ChIJaf_bnsLNUQ4RUNiQnsuXQg8,2021-04-30,-9,29,74,-26,-6,-5
ML,Mali,,,Bamako Metropolitan Area,,,ChIJaf_bnsLNUQ4RUNiQnsuXQg8,2021-05-01,-5,33,58,-32,-10,-1
ML,Mali,,,Bamako Metropolitan Area,,,ChIJaf_bnsLNUQ4RUNiQnsuXQg8,2021-05-02,-10,22,37,-25,9,0
ML,Mali,,,Bamako Metropolitan Area,,,ChIJaf_bnsLNUQ4RUNiQnsuXQg8,2021-05-03,2,46,116,-15,-2,-6
ML,Mali,,,Bamako Metropolitan Area,,,ChIJaf_bnsLNUQ4RUNiQnsuXQg8,2021-05-04,0,37,107,-24,-4,-6
ML,Mali,,,Bamako Metropolitan Area,,,ChIJaf_bnsLNUQ4RUNiQnsuXQg8,2021-05-05,-3,41,99,-15,-2,-5
ML,Mali,,,Bamako Metropolitan Area,,,ChIJaf_bnsLNUQ4RUNiQnsuXQg8,2021-05-06,-4,44,92,-20,-3,-4
ML,Mali,,,Bamako Metropolitan Area,,,ChIJaf_bnsLNUQ4RUNiQnsuXQg8,2021-05-07,-8,31,77,-23,-5,-4
ML,Mali,,,Bamako Metropolitan Area,,,ChIJaf_bnsLNUQ4RUNiQnsuXQg8,2021-05-08,-2,39,69,-29,-2,-4
ML,Mali,,,Bamako Metropolitan Area,,,ChIJaf_bnsLNUQ4RUNiQnsuXQg8,2021-05-09,-4,31,51,-20,15,-3
ML,Mali,,,Bamako Metropolitan Area,,,ChIJaf_bnsLNUQ4RUNiQnsuXQg8,2021-05-10,6,50,105,-11,-7,-7
ML,Mali,,,Bamako Metropolitan Area,,,ChIJaf_bnsLNUQ4RUNiQnsuXQg8,2021-05-11,24,82,115,-1,-16,-9
ML,Mali,,,Bamako Metropolitan Area,,,ChIJaf_bnsLNUQ4RUNiQnsuXQg8,2021-05-12,-18,15,106,-54,-78,2
ML,Mali,,,Bamako Metropolitan Area,,,ChIJaf_bnsLNUQ4RUNiQnsuXQg8,2021-05-13,-13,23,126,-49,-54,4
ML,Mali,,,Bamako Metropolitan Area,,,ChIJaf_bnsLNUQ4RUNiQnsuXQg8,2021-05-14,-6,26,117,-34,-33,-1
ML,Mali,,,Bamako Metropolitan Area,,,ChIJaf_bnsLNUQ4RUNiQnsuXQg8,2021-05-15,-1,27,116,-32,-24,-3
ML,Mali,,,Bamako Metropolitan Area,,,ChIJaf_bnsLNUQ4RUNiQnsuXQg8,2021-05-16,-1,19,114,-15,-7,-5
ML,Mali,,,Bamako Metropolitan Area,,,ChIJaf_bnsLNUQ4RUNiQnsuXQg8,2021-05-17,7,48,135,-10,-7,-7
ML,Mali,,,Bamako Metropolitan Area,,,ChIJaf_bnsLNUQ4RUNiQnsuXQg8,2021-05-18,4,39,139,-17,-8,-6
ML,Mali,,,Bamako Metropolitan Area,,,ChIJaf_bnsLNUQ4RUNiQnsuXQg8,2021-05-19,0,42,142,-15,-7,-4
ML,Mali,,,Bamako Metropolitan Area,,,ChIJaf_bnsLNUQ4RUNiQnsuXQg8,2021-05-20,-8,38,116,-25,-6,-3
ML,Mali,,,Bamako Metropolitan Area,,,ChIJaf_bnsLNUQ4RUNiQnsuXQg8,2021-05-21,3,42,126,-19,-5,-7
ML,Mali,,,Bamako Metropolitan Area,,,ChIJaf_bnsLNUQ4RUNiQnsuXQg8,2021-05-22,12,47,129,-20,3,-10
ML,Mali,,,Bamako Metropolitan Area,,,ChIJaf_bnsLNUQ4RUNiQnsuXQg8,2021-05-23,3,28,112,-15,0,-8
ML,Mali,,,Bamako Metropolitan Area,,,ChIJaf_bnsLNUQ4RUNiQnsuXQg8,2021-05-24,10,55,162,-4,-3,-9
ML,Mali,,,Bamako Metropolitan Area,,,ChIJaf_bnsLNUQ4RUNiQnsuXQg8,2021-05-25,-2,39,119,-22,-39,1
ML,Mali,,,Bamako Metropolitan Area,,,ChIJaf_bnsLNUQ4RUNiQnsuXQg8,2021-05-26,5,52,153,-11,2,-8
ML,Mali,,,Bamako Metropolitan Area,,,ChIJaf_bnsLNUQ4RUNiQnsuXQg8,2021-05-27,10,62,158,-2,2,-10
ML,Mali,,,Bamako Metropolitan Area,,,ChIJaf_bnsLNUQ4RUNiQnsuXQg8,2021-05-28,10,54,146,-1,3,-12
ML,Mali,,,Bamako Metropolitan Area,,,ChIJaf_bnsLNUQ4RUNiQnsuXQg8,2021-05-29,16,55,116,-15,4,-12
ML,Mali,,,Bamako Metropolitan Area,,,ChIJaf_bnsLNUQ4RUNiQnsuXQg8,2021-05-30,4,31,125,-7,-2,-11
ML,Mali,,,Bamako Metropolitan Area,,,ChIJaf_bnsLNUQ4RUNiQnsuXQg8,2021-05-31,21,67,181,8,4,-15
ML,Mali,,,Bamako Metropolitan Area,,,ChIJaf_bnsLNUQ4RUNiQnsuXQg8,2021-06-01,17,60,161,-3,2,-15
ML,Mali,,,Bamako Metropolitan Area,,,ChIJaf_bnsLNUQ4RUNiQnsuXQg8,2021-06-02,15,66,164,-1,4,-14
ML,Mali,,,Bamako Metropolitan Area,,,ChIJaf_bnsLNUQ4RUNiQnsuXQg8,2021-06-03,8,60,163,-4,4,-12
ML,Mali,,,Bamako Metropolitan Area,,,ChIJaf_bnsLNUQ4RUNiQnsuXQg8,2021-06-04,14,58,189,-2,6,-14
ML,Mali,,,Bamako Metropolitan Area,,,ChIJaf_bnsLNUQ4RUNiQnsuXQg8,2021-06-05,19,60,133,-10,5,-13
ML,Mali,,,Bamako Metropolitan Area,,,ChIJaf_bnsLNUQ4RUNiQnsuXQg8,2021-06-06,9,32,114,-4,-1,-10
ML,Mali,,,Bamako Metropolitan Area,,,ChIJaf_bnsLNUQ4RUNiQnsuXQg8,2021-06-07,21,73,203,3,7,-15
ML,Mali,,,Bamako Metropolitan Area,,,ChIJaf_bnsLNUQ4RUNiQnsuXQg8,2021-06-08,19,60,174,-4,4,-15
ML,Mali,,,Bamako Metropolitan Area,,,ChIJaf_bnsLNUQ4RUNiQnsuXQg8,2021-06-09,17,63,172,-3,5,-14
ML,Mali,,,Bamako Metropolitan Area,,,ChIJaf_bnsLNUQ4RUNiQnsuXQg8,2021-06-10,14,66,158,0,7,-14
ML,Mali,,,Bamako Metropolitan Area,,,ChIJaf_bnsLNUQ4RUNiQnsuXQg8,2021-06-11,15,54,152,-1,7,-14
ML,Mali,,,Bamako Metropolitan Area,,,ChIJaf_bnsLNUQ4RUNiQnsuXQg8,2021-06-12,20,56,132,-4,6,-13
ML,Mali,,,Bamako Metropolitan Area,,,ChIJaf_bnsLNUQ4RUNiQnsuXQg8,2021-06-13,5,27,120,1,-1,-9
ML,Mali,,,Bamako Metropolitan Area,,,ChIJaf_bnsLNUQ4RUNiQnsuXQg8,2021-06-14,13,53,153,4,5,-12
ML,Mali,,,Bamako Metropolitan Area,,,ChIJaf_bnsLNUQ4RUNiQnsuXQg8,2021-06-15,16,52,159,0,2,-14
ML,Mali,,,Bamako Metropolitan Area,,,ChIJaf_bnsLNUQ4RUNiQnsuXQg8,2021-06-16,15,63,167,7,5,-15
ML,Mali,,,Bamako Metropolitan Area,,,ChIJaf_bnsLNUQ4RUNiQnsuXQg8,2021-06-17,11,63,156,22,5,-14
ML,Mali,,,Bamako Metropolitan Area,,,ChIJaf_bnsLNUQ4RUNiQnsuXQg8,2021-06-18,8,48,136,13,4,-13
ML,Mali,,,Bamako Metropolitan Area,,,ChIJaf_bnsLNUQ4RUNiQnsuXQg8,2021-06-19,9,41,112,3,0,-11
ML,Mali,,,Bamako Metropolitan Area,,,ChIJaf_bnsLNUQ4RUNiQnsuXQg8,2021-06-20,6,31,124,17,-4,-13
ML,Mali,,,Bamako Metropolitan Area,,,ChIJaf_bnsLNUQ4RUNiQnsuXQg8,2021-06-21,13,55,155,23,1,-15
ML,Mali,,,Bamako Metropolitan Area,,,ChIJaf_bnsLNUQ4RUNiQnsuXQg8,2021-06-22,12,46,140,21,-2,-14
ML,Mali,,,Bamako Metropolitan Area,,,ChIJaf_bnsLNUQ4RUNiQnsuXQg8,2021-06-23,14,59,166,23,2,-14
ML,Mali,,,Bamako Metropolitan Area,,,ChIJaf_bnsLNUQ4RUNiQnsuXQg8,2021-06-24,13,61,163,27,2,-14
ML,Mali,,,Bamako Metropolitan Area,,,ChIJaf_bnsLNUQ4RUNiQnsuXQg8,2021-06-25,8,44,149,21,2,-14
ML,Mali,,,Bamako Metropolitan Area,,,ChIJaf_bnsLNUQ4RUNiQnsuXQg8,2021-06-26,22,58,164,22,3,-14
ML,Mali,,,Bamako Metropolitan Area,,,ChIJaf_bnsLNUQ4RUNiQnsuXQg8,2021-06-27,13,36,153,28,-2,-12
