country_region_code,country_region,sub_region_1,sub_region_2,metro_area,iso_3166_2_code,census_fips_code,place_id,date,retail_and_recreation_percent_change_from_baseline,grocery_and_pharmacy_percent_change_from_baseline,parks_percent_change_from_baseline,transit_stations_percent_change_from_baseline,workplaces_percent_change_from_baseline,residential_percent_change_from_baseline
KZ,Kazakhstan,,,,,,ChIJR6n87AcQqTgRGw6z5C-Ee18,2021-01-01,-60,-51,-21,-20,-80,16
KZ,Kazakhstan,,,,,,ChIJR6n87AcQqTgRGw6z5C-Ee18,2021-01-02,-52,-42,-26,-9,-57,9
KZ,Kazakhstan,,,,,,ChIJR6n87AcQqTgRGw6z5C-Ee18,2021-01-03,-46,-34,-22,4,-31,5
KZ,Kazakhstan,,,,,,ChIJR6n87AcQqTgRGw6z5C-Ee18,2021-01-04,-33,-22,-29,2,-61,15
KZ,Kazakhstan,,,,,,ChIJR6n87AcQqTgRGw6z5C-Ee18,2021-01-05,-29,-14,-23,20,-32,7
KZ,Kazakhstan,,,,,,ChIJR6n87AcQqTgRGw6z5C-Ee18,2021-01-06,-25,-6,-22,26,-31,6
KZ,Kazakhstan,,,,,,ChIJR6n87AcQqTgRGw6z5C-Ee18,2021-01-07,-29,-13,-27,13,-59,14
KZ,Kazakhstan,,,,,,ChIJR6n87AcQqTgRGw6z5C-Ee18,2021-01-08,-26,-8,-22,23,-28,6
KZ,Kazakhstan,,,,,,ChIJR6n87AcQqTgRGw6z5C-Ee18,2021-01-09,-29,-9,-24,27,-19,3
KZ,Kazakhstan,,,,,,ChIJR6n87AcQqTgRGw6z5C-Ee18,2021-01-10,-32,-12,-15,32,-10,0
KZ,Kazakhstan,,,,,,ChIJR6n87AcQqTgRGw6z5C-Ee18,2021-01-11,-21,-3,-21,32,-26,4
KZ,Kazakhstan,,,,,,ChIJR6n87AcQqTgRGw6z5C-Ee18,2021-01-12,-25,-8,-23,32,-26,3
KZ,Kazakhstan,,,,,,ChIJR6n87AcQqTgRGw6z5C-Ee18,2021-01-13,-30,-12,-28,26,-28,2
KZ,Kazakhstan,,,,,,ChIJR6n87AcQqTgRGw6z5C-Ee18,2021-01-14,-32,-17,-30,21,-31,2
KZ,Kazakhstan,,,,,,ChIJR6n87AcQqTgRGw6z5C-Ee18,2021-01-15,-31,-15,-29,21,-30,1
KZ,Kazakhstan,,,,,,ChIJR6n87AcQqTgRGw6z5C-Ee18,2021-01-16,-34,-17,-24,23,-26,0
KZ,Kazakhstan,,,,,,ChIJR6n87AcQqTgRGw6z5C-Ee18,2021-01-17,-40,-23,-22,16,-24,0
KZ,Kazakhstan,,,,,,ChIJR6n87AcQqTgRGw6z5C-Ee18,2021-01-18,-30,-14,-27,22,-30,2
KZ,Kazakhstan,,,,,,ChIJR6n87AcQqTgRGw6z5C-Ee18,2021-01-19,-30,-15,-25,25,-31,1
KZ,Kazakhstan,,,,,,ChIJR6n87AcQqTgRGw6z5C-Ee18,2021-01-20,-32,-15,-28,24,-30,1
KZ,Kazakhstan,,,,,,ChIJR6n87AcQqTgRGw6z5C-Ee18,2021-01-21,-30,-14,-26,26,-30,2
KZ,Kazakhstan,,,,,,ChIJR6n87AcQqTgRGw6z5C-Ee18,2021-01-22,-32,-16,-30,21,-28,2
KZ,Kazakhstan,,,,,,ChIJR6n87AcQqTgRGw6z5C-Ee18,2021-01-23,-40,-22,-31,17,-26,2
KZ,Kazakhstan,,,,,,ChIJR6n87AcQqTgRGw6z5C-Ee18,2021-01-24,-46,-29,-32,9,-26,3
KZ,Kazakhstan,,,,,,ChIJR6n87AcQqTgRGw6z5C-Ee18,2021-01-25,-31,-14,-29,21,-29,3
KZ,Kazakhstan,,,,,,ChIJR6n87AcQqTgRGw6z5C-Ee18,2021-01-26,-30,-14,-27,26,-29,2
KZ,Kazakhstan,,,,,,ChIJR6n87AcQqTgRGw6z5C-Ee18,2021-01-27,-31,-15,-28,24,-29,2
KZ,Kazakhstan,,,,,,ChIJR6n87AcQqTgRGw6z5C-Ee18,2021-01-28,-29,-13,-26,25,-28,2
KZ,Kazakhstan,,,,,,ChIJR6n87AcQqTgRGw6z5C-Ee18,2021-01-29,-26,-7,-23,27,-26,1
KZ,Kazakhstan,,,,,,ChIJR6n87AcQqTgRGw6z5C-Ee18,2021-01-30,-33,-12,-19,25,-25,-1
KZ,Kazakhstan,,,,,,ChIJR6n87AcQqTgRGw6z5C-Ee18,2021-01-31,-39,-20,-18,15,-24,0
KZ,Kazakhstan,,,,,,ChIJR6n87AcQqTgRGw6z5C-Ee18,2021-02-01,-26,-7,-25,22,-28,1
KZ,Kazakhstan,,,,,,ChIJR6n87AcQqTgRGw6z5C-Ee18,2021-02-02,-26,-8,-22,28,-28,0
KZ,Kazakhstan,,,,,,ChIJR6n87AcQqTgRGw6z5C-Ee18,2021-02-03,-27,-8,-24,24,-28,0
KZ,Kazakhstan,,,,,,ChIJR6n87AcQqTgRGw6z5C-Ee18,2021-02-04,-25,-6,-19,25,-28,1
KZ,Kazakhstan,,,,,,ChIJR6n87AcQqTgRGw6z5C-Ee18,2021-02-05,-22,-1,-16,27,-26,0
KZ,Kazakhstan,,,,,,ChIJR6n87AcQqTgRGw6z5C-Ee18,2021-02-06,-30,-8,-15,26,-24,-1
KZ,Kazakhstan,,,,,,ChIJR6n87AcQqTgRGw6z5C-Ee18,2021-02-07,-42,-23,-24,11,-27,1
KZ,Kazakhstan,,,,,,ChIJR6n87AcQqTgRGw6z5C-Ee18,2021-02-08,-27,-8,-26,19,-28,2
KZ,Kazakhstan,,,,,,ChIJR6n87AcQqTgRGw6z5C-Ee18,2021-02-09,-27,-10,-27,21,-28,2
KZ,Kazakhstan,,,,,,ChIJR6n87AcQqTgRGw6z5C-Ee18,2021-02-10,-27,-8,-27,21,-28,2
KZ,Kazakhstan,,,,,,ChIJR6n87AcQqTgRGw6z5C-Ee18,2021-02-11,-24,-4,-25,26,-28,1
KZ,Kazakhstan,,,,,,ChIJR6n87AcQqTgRGw6z5C-Ee18,2021-02-12,-22,-2,-26,28,-26,-1
KZ,Kazakhstan,,,,,,ChIJR6n87AcQqTgRGw6z5C-Ee18,2021-02-13,-26,-5,-25,26,-24,-2
KZ,Kazakhstan,,,,,,ChIJR6n87AcQqTgRGw6z5C-Ee18,2021-02-14,-33,-13,-20,22,-25,-2
KZ,Kazakhstan,,,,,,ChIJR6n87AcQqTgRGw6z5C-Ee18,2021-02-15,-22,-4,-26,25,-28,-1
KZ,Kazakhstan,,,,,,ChIJR6n87AcQqTgRGw6z5C-Ee18,2021-02-16,-23,-4,-27,30,-28,-1
KZ,Kazakhstan,,,,,,ChIJR6n87AcQqTgRGw6z5C-Ee18,2021-02-17,-24,-5,-28,29,-27,-1
KZ,Kazakhstan,,,,,,ChIJR6n87AcQqTgRGw6z5C-Ee18,2021-02-18,-24,-7,-26,30,-28,0
KZ,Kazakhstan,,,,,,ChIJR6n87AcQqTgRGw6z5C-Ee18,2021-02-19,-24,-5,-29,29,-25,-1
KZ,Kazakhstan,,,,,,ChIJR6n87AcQqTgRGw6z5C-Ee18,2021-02-20,-29,-8,-31,24,-23,-1
KZ,Kazakhstan,,,,,,ChIJR6n87AcQqTgRGw6z5C-Ee18,2021-02-21,-37,-16,-31,17,-24,0
KZ,Kazakhstan,,,,,,ChIJR6n87AcQqTgRGw6z5C-Ee18,2021-02-22,-24,-5,-31,23,-27,0
KZ,Kazakhstan,,,,,,ChIJR6n87AcQqTgRGw6z5C-Ee18,2021-02-23,-26,-9,-34,26,-27,0
KZ,Kazakhstan,,,,,,ChIJR6n87AcQqTgRGw6z5C-Ee18,2021-02-24,-32,-14,-39,19,-29,1
KZ,Kazakhstan,,,,,,ChIJR6n87AcQqTgRGw6z5C-Ee18,2021-02-25,-33,-15,-39,16,-30,3
KZ,Kazakhstan,,,,,,ChIJR6n87AcQqTgRGw6z5C-Ee18,2021-02-26,-26,-7,-34,23,-26,1
KZ,Kazakhstan,,,,,,ChIJR6n87AcQqTgRGw6z5C-Ee18,2021-02-27,-27,-5,-32,28,-22,-1
KZ,Kazakhstan,,,,,,ChIJR6n87AcQqTgRGw6z5C-Ee18,2021-02-28,-31,-10,-27,27,-18,-1
KZ,Kazakhstan,,,,,,ChIJR6n87AcQqTgRGw6z5C-Ee18,2021-03-01,-22,-3,-28,28,-26,-1
KZ,Kazakhstan,,,,,,ChIJR6n87AcQqTgRGw6z5C-Ee18,2021-03-02,-19,-1,-27,37,-25,-2
KZ,Kazakhstan,,,,,,ChIJR6n87AcQqTgRGw6z5C-Ee18,2021-03-03,-22,-1,-31,33,-25,-1
KZ,Kazakhstan,,,,,,ChIJR6n87AcQqTgRGw6z5C-Ee18,2021-03-04,-15,7,-25,42,-24,-2
KZ,Kazakhstan,,,,,,ChIJR6n87AcQqTgRGw6z5C-Ee18,2021-03-05,-13,8,-25,42,-22,-3
KZ,Kazakhstan,,,,,,ChIJR6n87AcQqTgRGw6z5C-Ee18,2021-03-06,-12,12,-19,50,-19,-5
KZ,Kazakhstan,,,,,,ChIJR6n87AcQqTgRGw6z5C-Ee18,2021-03-07,-7,15,-14,56,-12,-6
KZ,Kazakhstan,,,,,,ChIJR6n87AcQqTgRGw6z5C-Ee18,2021-03-08,-6,10,-21,28,-68,5
KZ,Kazakhstan,,,,,,ChIJR6n87AcQqTgRGw6z5C-Ee18,2021-03-09,-21,-3,-25,35,-25,-2
KZ,Kazakhstan,,,,,,ChIJR6n87AcQqTgRGw6z5C-Ee18,2021-03-10,-22,-2,-28,35,-24,-2
KZ,Kazakhstan,,,,,,ChIJR6n87AcQqTgRGw6z5C-Ee18,2021-03-11,-22,-3,-29,34,-25,0
KZ,Kazakhstan,,,,,,ChIJR6n87AcQqTgRGw6z5C-Ee18,2021-03-12,-20,2,-23,39,-21,-2
KZ,Kazakhstan,,,,,,ChIJR6n87AcQqTgRGw6z5C-Ee18,2021-03-13,-30,-6,-31,22,-23,-1
KZ,Kazakhstan,,,,,,ChIJR6n87AcQqTgRGw6z5C-Ee18,2021-03-14,-37,-17,-33,12,-23,0
KZ,Kazakhstan,,,,,,ChIJR6n87AcQqTgRGw6z5C-Ee18,2021-03-15,-24,-3,-31,29,-24,-1
KZ,Kazakhstan,,,,,,ChIJR6n87AcQqTgRGw6z5C-Ee18,2021-03-16,-23,-2,-30,36,-24,-1
KZ,Kazakhstan,,,,,,ChIJR6n87AcQqTgRGw6z5C-Ee18,2021-03-17,-23,-2,-30,33,-24,-1
KZ,Kazakhstan,,,,,,ChIJR6n87AcQqTgRGw6z5C-Ee18,2021-03-18,-19,4,-23,41,-24,-2
KZ,Kazakhstan,,,,,,ChIJR6n87AcQqTgRGw6z5C-Ee18,2021-03-19,-15,9,-18,47,-22,-3
KZ,Kazakhstan,,,,,,ChIJR6n87AcQqTgRGw6z5C-Ee18,2021-03-20,-29,-2,-20,34,-26,-3
KZ,Kazakhstan,,,,,,ChIJR6n87AcQqTgRGw6z5C-Ee18,2021-03-21,-35,-9,-17,22,-24,-3
KZ,Kazakhstan,,,,,,ChIJR6n87AcQqTgRGw6z5C-Ee18,2021-03-22,-29,-8,-9,12,-69,6
KZ,Kazakhstan,,,,,,ChIJR6n87AcQqTgRGw6z5C-Ee18,2021-03-23,-34,-15,-25,12,-64,6
KZ,Kazakhstan,,,,,,ChIJR6n87AcQqTgRGw6z5C-Ee18,2021-03-24,-32,-10,-26,18,-60,6
KZ,Kazakhstan,,,,,,ChIJR6n87AcQqTgRGw6z5C-Ee18,2021-03-25,-22,1,-14,40,-30,-2
KZ,Kazakhstan,,,,,,ChIJR6n87AcQqTgRGw6z5C-Ee18,2021-03-26,-24,0,-22,33,-28,0
KZ,Kazakhstan,,,,,,ChIJR6n87AcQqTgRGw6z5C-Ee18,2021-03-27,-30,-5,-14,31,-24,-1
KZ,Kazakhstan,,,,,,ChIJR6n87AcQqTgRGw6z5C-Ee18,2021-03-28,-38,-15,-23,17,-23,0
KZ,Kazakhstan,,,,,,ChIJR6n87AcQqTgRGw6z5C-Ee18,2021-03-29,-26,-3,-29,26,-29,0
KZ,Kazakhstan,,,,,,ChIJR6n87AcQqTgRGw6z5C-Ee18,2021-03-30,-24,-1,-25,33,-29,0
KZ,Kazakhstan,,,,,,ChIJR6n87AcQqTgRGw6z5C-Ee18,2021-03-31,-23,2,-23,35,-30,-1
KZ,Kazakhstan,,,,,,ChIJR6n87AcQqTgRGw6z5C-Ee18,2021-04-01,-27,-2,-26,30,-27,0
KZ,Kazakhstan,,,,,,ChIJR6n87AcQqTgRGw6z5C-Ee18,2021-04-02,-24,4,-21,33,-25,-1
KZ,Kazakhstan,,,,,,ChIJR6n87AcQqTgRGw6z5C-Ee18,2021-04-03,-29,1,-12,33,-23,-2
KZ,Kazakhstan,,,,,,ChIJR6n87AcQqTgRGw6z5C-Ee18,2021-04-04,-35,-10,-9,24,-24,-1
KZ,Kazakhstan,,,,,,ChIJR6n87AcQqTgRGw6z5C-Ee18,2021-04-05,-20,5,-23,31,-25,-1
KZ,Kazakhstan,,,,,,ChIJR6n87AcQqTgRGw6z5C-Ee18,2021-04-06,-18,6,-17,40,-26,-2
KZ,Kazakhstan,,,,,,ChIJR6n87AcQqTgRGw6z5C-Ee18,2021-04-07,-18,7,-14,41,-27,-3
KZ,Kazakhstan,,,,,,ChIJR6n87AcQqTgRGw6z5C-Ee18,2021-04-08,-15,9,-7,46,-26,-3
KZ,Kazakhstan,,,,,,ChIJR6n87AcQqTgRGw6z5C-Ee18,2021-04-09,-13,13,-8,48,-23,-4
KZ,Kazakhstan,,,,,,ChIJR6n87AcQqTgRGw6z5C-Ee18,2021-04-10,-23,8,-2,46,-22,-5
KZ,Kazakhstan,,,,,,ChIJR6n87AcQqTgRGw6z5C-Ee18,2021-04-11,-29,-3,5,35,-24,-4
KZ,Kazakhstan,,,,,,ChIJR6n87AcQqTgRGw6z5C-Ee18,2021-04-12,-12,14,-9,45,-24,-3
KZ,Kazakhstan,,,,,,ChIJR6n87AcQqTgRGw6z5C-Ee18,2021-04-13,-18,7,-12,43,-26,-2
KZ,Kazakhstan,,,,,,ChIJR6n87AcQqTgRGw6z5C-Ee18,2021-04-14,-18,6,-11,44,-26,-3
KZ,Kazakhstan,,,,,,ChIJR6n87AcQqTgRGw6z5C-Ee18,2021-04-15,-15,8,-5,49,-25,-3
KZ,Kazakhstan,,,,,,ChIJR6n87AcQqTgRGw6z5C-Ee18,2021-04-16,-16,9,-5,47,-22,-3
KZ,Kazakhstan,,,,,,ChIJR6n87AcQqTgRGw6z5C-Ee18,2021-04-17,-25,3,2,44,-20,-4
KZ,Kazakhstan,,,,,,ChIJR6n87AcQqTgRGw6z5C-Ee18,2021-04-18,-33,-8,3,29,-25,-3
KZ,Kazakhstan,,,,,,ChIJR6n87AcQqTgRGw6z5C-Ee18,2021-04-19,-20,4,-19,36,-24,-1
KZ,Kazakhstan,,,,,,ChIJR6n87AcQqTgRGw6z5C-Ee18,2021-04-20,-21,2,-21,40,-26,-1
KZ,Kazakhstan,,,,,,ChIJR6n87AcQqTgRGw6z5C-Ee18,2021-04-21,-24,-2,-26,31,-27,0
KZ,Kazakhstan,,,,,,ChIJR6n87AcQqTgRGw6z5C-Ee18,2021-04-22,-22,1,-20,35,-26,0
KZ,Kazakhstan,,,,,,ChIJR6n87AcQqTgRGw6z5C-Ee18,2021-04-23,-19,7,-16,42,-23,-1
KZ,Kazakhstan,,,,,,ChIJR6n87AcQqTgRGw6z5C-Ee18,2021-04-24,-28,0,-6,40,-22,-3
KZ,Kazakhstan,,,,,,ChIJR6n87AcQqTgRGw6z5C-Ee18,2021-04-25,-34,-9,4,29,-24,-3
KZ,Kazakhstan,,,,,,ChIJR6n87AcQqTgRGw6z5C-Ee18,2021-04-26,-17,8,-9,41,-24,-2
KZ,Kazakhstan,,,,,,ChIJR6n87AcQqTgRGw6z5C-Ee18,2021-04-27,-18,5,-8,46,-25,-2
KZ,Kazakhstan,,,,,,ChIJR6n87AcQqTgRGw6z5C-Ee18,2021-04-28,-17,7,-4,47,-25,-3
KZ,Kazakhstan,,,,,,ChIJR6n87AcQqTgRGw6z5C-Ee18,2021-04-29,-16,8,-4,49,-25,-2
KZ,Kazakhstan,,,,,,ChIJR6n87AcQqTgRGw6z5C-Ee18,2021-04-30,-13,15,-5,52,-22,-4
KZ,Kazakhstan,,,,,,ChIJR6n87AcQqTgRGw6z5C-Ee18,2021-05-01,-29,2,-8,34,-33,-2
KZ,Kazakhstan,,,,,,ChIJR6n87AcQqTgRGw6z5C-Ee18,2021-05-02,-33,-10,12,32,-26,-5
KZ,Kazakhstan,,,,,,ChIJR6n87AcQqTgRGw6z5C-Ee18,2021-05-03,-17,3,1,34,-55,3
KZ,Kazakhstan,,,,,,ChIJR6n87AcQqTgRGw6z5C-Ee18,2021-05-04,-15,7,-2,49,-25,-3
KZ,Kazakhstan,,,,,,ChIJR6n87AcQqTgRGw6z5C-Ee18,2021-05-05,-13,13,-1,51,-26,-4
KZ,Kazakhstan,,,,,,ChIJR6n87AcQqTgRGw6z5C-Ee18,2021-05-06,-6,21,5,61,-25,-5
KZ,Kazakhstan,,,,,,ChIJR6n87AcQqTgRGw6z5C-Ee18,2021-05-07,-9,19,9,48,-56,1
KZ,Kazakhstan,,,,,,ChIJR6n87AcQqTgRGw6z5C-Ee18,2021-05-08,-24,4,12,43,-30,-5
KZ,Kazakhstan,,,,,,ChIJR6n87AcQqTgRGw6z5C-Ee18,2021-05-09,-29,-7,21,32,-25,-6
KZ,Kazakhstan,,,,,,ChIJR6n87AcQqTgRGw6z5C-Ee18,2021-05-10,-17,7,-8,32,-59,4
KZ,Kazakhstan,,,,,,ChIJR6n87AcQqTgRGw6z5C-Ee18,2021-05-11,-14,11,-2,54,-25,-5
KZ,Kazakhstan,,,,,,ChIJR6n87AcQqTgRGw6z5C-Ee18,2021-05-12,-14,12,-5,51,-25,-4
KZ,Kazakhstan,,,,,,ChIJR6n87AcQqTgRGw6z5C-Ee18,2021-05-13,-11,12,9,58,-26,-5
KZ,Kazakhstan,,,,,,ChIJR6n87AcQqTgRGw6z5C-Ee18,2021-05-14,-11,14,2,54,-22,-5
KZ,Kazakhstan,,,,,,ChIJR6n87AcQqTgRGw6z5C-Ee18,2021-05-15,-17,9,15,57,-21,-7
KZ,Kazakhstan,,,,,,ChIJR6n87AcQqTgRGw6z5C-Ee18,2021-05-16,-21,2,19,48,-18,-7
KZ,Kazakhstan,,,,,,ChIJR6n87AcQqTgRGw6z5C-Ee18,2021-05-17,-9,16,5,54,-22,-5
KZ,Kazakhstan,,,,,,ChIJR6n87AcQqTgRGw6z5C-Ee18,2021-05-18,-10,13,4,60,-23,-5
KZ,Kazakhstan,,,,,,ChIJR6n87AcQqTgRGw6z5C-Ee18,2021-05-19,-12,11,-1,56,-23,-5
KZ,Kazakhstan,,,,,,ChIJR6n87AcQqTgRGw6z5C-Ee18,2021-05-20,-10,13,1,51,-22,-4
KZ,Kazakhstan,,,,,,ChIJR6n87AcQqTgRGw6z5C-Ee18,2021-05-21,-5,19,13,61,-18,-6
KZ,Kazakhstan,,,,,,ChIJR6n87AcQqTgRGw6z5C-Ee18,2021-05-22,-13,12,23,65,-16,-8
KZ,Kazakhstan,,,,,,ChIJR6n87AcQqTgRGw6z5C-Ee18,2021-05-23,-17,5,25,55,-15,-8
KZ,Kazakhstan,,,,,,ChIJR6n87AcQqTgRGw6z5C-Ee18,2021-05-24,-5,18,13,58,-21,-5
KZ,Kazakhstan,,,,,,ChIJR6n87AcQqTgRGw6z5C-Ee18,2021-05-25,-5,16,17,64,-23,-6
KZ,Kazakhstan,,,,,,ChIJR6n87AcQqTgRGw6z5C-Ee18,2021-05-26,-8,14,10,62,-24,-6
KZ,Kazakhstan,,,,,,ChIJR6n87AcQqTgRGw6z5C-Ee18,2021-05-27,-5,18,13,66,-23,-6
KZ,Kazakhstan,,,,,,ChIJR6n87AcQqTgRGw6z5C-Ee18,2021-05-28,-2,21,18,69,-19,-7
KZ,Kazakhstan,,,,,,ChIJR6n87AcQqTgRGw6z5C-Ee18,2021-05-29,-11,14,26,70,-18,-9
KZ,Kazakhstan,,,,,,ChIJR6n87AcQqTgRGw6z5C-Ee18,2021-05-30,-16,5,28,60,-15,-9
KZ,Kazakhstan,,,,,,ChIJR6n87AcQqTgRGw6z5C-Ee18,2021-05-31,-3,20,17,66,-21,-6
KZ,Kazakhstan,,,,,,ChIJR6n87AcQqTgRGw6z5C-Ee18,2021-06-01,8,24,39,77,-23,-8
KZ,Kazakhstan,,,,,,ChIJR6n87AcQqTgRGw6z5C-Ee18,2021-06-02,-4,18,15,67,-24,-7
KZ,Kazakhstan,,,,,,ChIJR6n87AcQqTgRGw6z5C-Ee18,2021-06-03,-2,21,16,69,-24,-6
KZ,Kazakhstan,,,,,,ChIJR6n87AcQqTgRGw6z5C-Ee18,2021-06-04,-3,23,11,66,-21,-7
KZ,Kazakhstan,,,,,,ChIJR6n87AcQqTgRGw6z5C-Ee18,2021-06-05,-9,18,23,75,-15,-9
KZ,Kazakhstan,,,,,,ChIJR6n87AcQqTgRGw6z5C-Ee18,2021-06-06,-12,11,28,65,-15,-9
KZ,Kazakhstan,,,,,,ChIJR6n87AcQqTgRGw6z5C-Ee18,2021-06-07,0,23,22,69,-23,-7
KZ,Kazakhstan,,,,,,ChIJR6n87AcQqTgRGw6z5C-Ee18,2021-06-08,0,23,18,74,-25,-7
KZ,Kazakhstan,,,,,,ChIJR6n87AcQqTgRGw6z5C-Ee18,2021-06-09,-1,21,17,72,-25,-8
KZ,Kazakhstan,,,,,,ChIJR6n87AcQqTgRGw6z5C-Ee18,2021-06-10,1,24,20,76,-24,-7
KZ,Kazakhstan,,,,,,ChIJR6n87AcQqTgRGw6z5C-Ee18,2021-06-11,1,25,22,74,-23,-8
KZ,Kazakhstan,,,,,,ChIJR6n87AcQqTgRGw6z5C-Ee18,2021-06-12,-9,16,27,74,-19,-10
KZ,Kazakhstan,,,,,,ChIJR6n87AcQqTgRGw6z5C-Ee18,2021-06-13,-12,10,28,66,-15,-10
KZ,Kazakhstan,,,,,,ChIJR6n87AcQqTgRGw6z5C-Ee18,2021-06-14,0,22,21,69,-25,-7
KZ,Kazakhstan,,,,,,ChIJR6n87AcQqTgRGw6z5C-Ee18,2021-06-15,-1,20,22,75,-26,-8
KZ,Kazakhstan,,,,,,ChIJR6n87AcQqTgRGw6z5C-Ee18,2021-06-16,-3,19,20,71,-28,-8
KZ,Kazakhstan,,,,,,ChIJR6n87AcQqTgRGw6z5C-Ee18,2021-06-17,-2,19,23,71,-28,-8
KZ,Kazakhstan,,,,,,ChIJR6n87AcQqTgRGw6z5C-Ee18,2021-06-18,-3,19,19,69,-26,-8
KZ,Kazakhstan,,,,,,ChIJR6n87AcQqTgRGw6z5C-Ee18,2021-06-19,-14,9,17,65,-23,-9
KZ,Kazakhstan,,,,,,ChIJR6n87AcQqTgRGw6z5C-Ee18,2021-06-20,-17,3,16,58,-18,-9
KZ,Kazakhstan,,,,,,ChIJR6n87AcQqTgRGw6z5C-Ee18,2021-06-21,-7,14,9,59,-30,-6
KZ,Kazakhstan,,,,,,ChIJR6n87AcQqTgRGw6z5C-Ee18,2021-06-22,-6,14,12,66,-30,-6
KZ,Kazakhstan,,,,,,ChIJR6n87AcQqTgRGw6z5C-Ee18,2021-06-23,-7,13,10,63,-30,-6
KZ,Kazakhstan,,,,,,ChIJR6n87AcQqTgRGw6z5C-Ee18,2021-06-24,-5,15,14,66,-30,-6
KZ,Kazakhstan,,,,,,ChIJR6n87AcQqTgRGw6z5C-Ee18,2021-06-25,-4,18,18,66,-27,-7
KZ,Kazakhstan,,,,,,ChIJR6n87AcQqTgRGw6z5C-Ee18,2021-06-26,-13,10,27,70,-21,-9
KZ,Kazakhstan,,,,,,ChIJR6n87AcQqTgRGw6z5C-Ee18,2021-06-27,-17,5,32,61,-17,-10
KZ,Kazakhstan,,,,,,ChIJR6n87AcQqTgRGw6z5C-Ee18,2021-06-28,-5,16,21,63,-29,-7
KZ,Kazakhstan,,,,,,ChIJR6n87AcQqTgRGw6z5C-Ee18,2021-06-29,-7,14,19,67,-30,-7
KZ,Kazakhstan,,,,,,ChIJR6n87AcQqTgRGw6z5C-Ee18,2021-06-30,-8,13,18,64,-31,-9
