country_region_code,country_region,sub_region_1,sub_region_2,metro_area,iso_3166_2_code,census_fips_code,place_id,date,retail_and_recreation_percent_change_from_baseline,grocery_and_pharmacy_percent_change_from_baseline,parks_percent_change_from_baseline,transit_stations_percent_change_from_baseline,workplaces_percent_change_from_baseline,residential_percent_change_from_baseline
GW,Guinea-Bissau,,,,,,ChIJ8amCr3Q85A4RTggeVz-O6Ls,2021-01-01,,,-26,,-69,
GW,Guinea-Bissau,,,,,,ChIJ8amCr3Q85A4RTggeVz-O6Ls,2021-01-02,,,-22,,-41,
GW,Guinea-Bissau,,,,,,ChIJ8amCr3Q85A4RTggeVz-O6Ls,2021-01-03,,,,,-36,
GW,Guinea-Bissau,,,,,,ChIJ8amCr3Q85A4RTggeVz-O6Ls,2021-01-04,,,,,-20,
GW,Guinea-Bissau,,,,,,ChIJ8amCr3Q85A4RTggeVz-O6Ls,2021-01-05,,,,,-22,
GW,Guinea-Bissau,,,,,,ChIJ8amCr3Q85A4RTggeVz-O6Ls,2021-01-06,,,,,-20,
GW,Guinea-Bissau,,,,,,ChIJ8amCr3Q85A4RTggeVz-O6Ls,2021-01-07,,,-9,,-20,
GW,Guinea-Bissau,,,,,,ChIJ8amCr3Q85A4RTggeVz-O6Ls,2021-01-08,,,-11,,-20,
GW,Guinea-Bissau,,,,,,ChIJ8amCr3Q85A4RTggeVz-O6Ls,2021-01-09,,,-5,,-23,
GW,Guinea-Bissau,,,,,,ChIJ8amCr3Q85A4RTggeVz-O6Ls,2021-01-10,,,,,-31,
GW,Guinea-Bissau,,,,,,ChIJ8amCr3Q85A4RTggeVz-O6Ls,2021-01-11,,,,,-17,
GW,Guinea-Bissau,,,,,,ChIJ8amCr3Q85A4RTggeVz-O6Ls,2021-01-12,,,,,-15,
GW,Guinea-Bissau,,,,,,ChIJ8amCr3Q85A4RTggeVz-O6Ls,2021-01-13,,,,,-18,
GW,Guinea-Bissau,,,,,,ChIJ8amCr3Q85A4RTggeVz-O6Ls,2021-01-14,,,-11,,-21,
GW,Guinea-Bissau,,,,,,ChIJ8amCr3Q85A4RTggeVz-O6Ls,2021-01-15,,,-18,,-27,
GW,Guinea-Bissau,,,,,,ChIJ8amCr3Q85A4RTggeVz-O6Ls,2021-01-16,,,-17,,-35,
GW,Guinea-Bissau,,,,,,ChIJ8amCr3Q85A4RTggeVz-O6Ls,2021-01-17,,,,,-36,
GW,Guinea-Bissau,,,,,,ChIJ8amCr3Q85A4RTggeVz-O6Ls,2021-01-18,,,,,-26,
GW,Guinea-Bissau,,,,,,ChIJ8amCr3Q85A4RTggeVz-O6Ls,2021-01-19,,,,,-25,
GW,Guinea-Bissau,,,,,,ChIJ8amCr3Q85A4RTggeVz-O6Ls,2021-01-20,,,-17,,-61,
GW,Guinea-Bissau,,,,,,ChIJ8amCr3Q85A4RTggeVz-O6Ls,2021-01-21,,,-9,,-24,
GW,Guinea-Bissau,,,,,,ChIJ8amCr3Q85A4RTggeVz-O6Ls,2021-01-22,,,-18,,-22,
GW,Guinea-Bissau,,,,,,ChIJ8amCr3Q85A4RTggeVz-O6Ls,2021-01-23,,,-12,,-36,
GW,Guinea-Bissau,,,,,,ChIJ8amCr3Q85A4RTggeVz-O6Ls,2021-01-24,,,,,-40,
GW,Guinea-Bissau,,,,,,ChIJ8amCr3Q85A4RTggeVz-O6Ls,2021-01-25,,,,,-28,
GW,Guinea-Bissau,,,,,,ChIJ8amCr3Q85A4RTggeVz-O6Ls,2021-01-26,,,,,-27,
GW,Guinea-Bissau,,,,,,ChIJ8amCr3Q85A4RTggeVz-O6Ls,2021-01-27,,,,,-25,
GW,Guinea-Bissau,,,,,,ChIJ8amCr3Q85A4RTggeVz-O6Ls,2021-01-28,,,-10,,-24,
GW,Guinea-Bissau,,,,,,ChIJ8amCr3Q85A4RTggeVz-O6Ls,2021-01-29,,,-22,,-29,
GW,Guinea-Bissau,,,,,,ChIJ8amCr3Q85A4RTggeVz-O6Ls,2021-01-30,,,-16,,-37,
GW,Guinea-Bissau,,,,,,ChIJ8amCr3Q85A4RTggeVz-O6Ls,2021-01-31,,,,,-45,
GW,Guinea-Bissau,,,,,,ChIJ8amCr3Q85A4RTggeVz-O6Ls,2021-02-01,,,,,-28,
GW,Guinea-Bissau,,,,,,ChIJ8amCr3Q85A4RTggeVz-O6Ls,2021-02-02,,,,,-28,
GW,Guinea-Bissau,,,,,,ChIJ8amCr3Q85A4RTggeVz-O6Ls,2021-02-03,,,-16,,-28,
GW,Guinea-Bissau,,,,,,ChIJ8amCr3Q85A4RTggeVz-O6Ls,2021-02-04,,,-12,,-34,
GW,Guinea-Bissau,,,,,,ChIJ8amCr3Q85A4RTggeVz-O6Ls,2021-02-05,,,-25,,-33,
GW,Guinea-Bissau,,,,,,ChIJ8amCr3Q85A4RTggeVz-O6Ls,2021-02-06,,,-19,,-39,
GW,Guinea-Bissau,,,,,,ChIJ8amCr3Q85A4RTggeVz-O6Ls,2021-02-07,,,,,-47,
GW,Guinea-Bissau,,,,,,ChIJ8amCr3Q85A4RTggeVz-O6Ls,2021-02-08,,,,,-34,
GW,Guinea-Bissau,,,,,,ChIJ8amCr3Q85A4RTggeVz-O6Ls,2021-02-09,,,-17,,-34,
GW,Guinea-Bissau,,,,,,ChIJ8amCr3Q85A4RTggeVz-O6Ls,2021-02-10,,,-15,,-30,
GW,Guinea-Bissau,,,,,,ChIJ8amCr3Q85A4RTggeVz-O6Ls,2021-02-11,,,-19,,-32,
GW,Guinea-Bissau,,,,,,ChIJ8amCr3Q85A4RTggeVz-O6Ls,2021-02-12,,,-29,,-34,
GW,Guinea-Bissau,,,,,,ChIJ8amCr3Q85A4RTggeVz-O6Ls,2021-02-13,,,-29,,-41,
GW,Guinea-Bissau,,,,,,ChIJ8amCr3Q85A4RTggeVz-O6Ls,2021-02-14,,,,,-44,
GW,Guinea-Bissau,,,,,,ChIJ8amCr3Q85A4RTggeVz-O6Ls,2021-02-15,,,,,-34,
GW,Guinea-Bissau,,,,,,ChIJ8amCr3Q85A4RTggeVz-O6Ls,2021-02-16,,,-22,,-39,
GW,Guinea-Bissau,,,,,,ChIJ8amCr3Q85A4RTggeVz-O6Ls,2021-02-17,,,-29,,-36,
GW,Guinea-Bissau,,,,,,ChIJ8amCr3Q85A4RTggeVz-O6Ls,2021-02-18,,,-28,,-31,
GW,Guinea-Bissau,,,,,,ChIJ8amCr3Q85A4RTggeVz-O6Ls,2021-02-19,,,-32,,-32,
GW,Guinea-Bissau,,,,,,ChIJ8amCr3Q85A4RTggeVz-O6Ls,2021-02-20,,,-28,,-42,
GW,Guinea-Bissau,,,,,,ChIJ8amCr3Q85A4RTggeVz-O6Ls,2021-02-21,,,,,-46,
GW,Guinea-Bissau,,,,,,ChIJ8amCr3Q85A4RTggeVz-O6Ls,2021-02-22,,,,,-32,
GW,Guinea-Bissau,,,,,,ChIJ8amCr3Q85A4RTggeVz-O6Ls,2021-02-23,,,-25,,-29,
GW,Guinea-Bissau,,,,,,ChIJ8amCr3Q85A4RTggeVz-O6Ls,2021-02-24,,,-27,,-29,
GW,Guinea-Bissau,,,,,,ChIJ8amCr3Q85A4RTggeVz-O6Ls,2021-02-25,,,-26,,-29,
GW,Guinea-Bissau,,,,,,ChIJ8amCr3Q85A4RTggeVz-O6Ls,2021-02-26,,,-33,,-31,
GW,Guinea-Bissau,,,,,,ChIJ8amCr3Q85A4RTggeVz-O6Ls,2021-02-27,,,-29,,-38,
GW,Guinea-Bissau,,,,,,ChIJ8amCr3Q85A4RTggeVz-O6Ls,2021-02-28,,,,,-50,
GW,Guinea-Bissau,,,,,,ChIJ8amCr3Q85A4RTggeVz-O6Ls,2021-03-01,,,,,-31,
GW,Guinea-Bissau,,,,,,ChIJ8amCr3Q85A4RTggeVz-O6Ls,2021-03-02,,,-21,,-30,
GW,Guinea-Bissau,,,,,,ChIJ8amCr3Q85A4RTggeVz-O6Ls,2021-03-03,,,-26,,-30,
GW,Guinea-Bissau,,,,,,ChIJ8amCr3Q85A4RTggeVz-O6Ls,2021-03-04,,,-30,,-28,
GW,Guinea-Bissau,,,,,,ChIJ8amCr3Q85A4RTggeVz-O6Ls,2021-03-05,,,-38,,-26,
GW,Guinea-Bissau,,,,,,ChIJ8amCr3Q85A4RTggeVz-O6Ls,2021-03-06,,,-22,,-36,
GW,Guinea-Bissau,,,,,,ChIJ8amCr3Q85A4RTggeVz-O6Ls,2021-03-07,,,,,-48,
GW,Guinea-Bissau,,,,,,ChIJ8amCr3Q85A4RTggeVz-O6Ls,2021-03-08,,,-40,,-65,
GW,Guinea-Bissau,,,,,,ChIJ8amCr3Q85A4RTggeVz-O6Ls,2021-03-09,,,-27,,-28,
GW,Guinea-Bissau,,,,,,ChIJ8amCr3Q85A4RTggeVz-O6Ls,2021-03-10,,,-26,,-23,
GW,Guinea-Bissau,,,,,,ChIJ8amCr3Q85A4RTggeVz-O6Ls,2021-03-11,,,-27,,-23,
GW,Guinea-Bissau,,,,,,ChIJ8amCr3Q85A4RTggeVz-O6Ls,2021-03-12,,,-29,,-27,
GW,Guinea-Bissau,,,,,,ChIJ8amCr3Q85A4RTggeVz-O6Ls,2021-03-13,,,-33,,-35,
GW,Guinea-Bissau,,,,,,ChIJ8amCr3Q85A4RTggeVz-O6Ls,2021-03-14,,,,,-45,
GW,Guinea-Bissau,,,,,,ChIJ8amCr3Q85A4RTggeVz-O6Ls,2021-03-15,,,-30,,-26,
GW,Guinea-Bissau,,,,,,ChIJ8amCr3Q85A4RTggeVz-O6Ls,2021-03-16,,,-25,,-26,
GW,Guinea-Bissau,,,,,,ChIJ8amCr3Q85A4RTggeVz-O6Ls,2021-03-17,,,-31,,-22,
GW,Guinea-Bissau,,,,,,ChIJ8amCr3Q85A4RTggeVz-O6Ls,2021-03-18,,,-21,,-20,
GW,Guinea-Bissau,,,,,,ChIJ8amCr3Q85A4RTggeVz-O6Ls,2021-03-19,,,-29,,-22,
GW,Guinea-Bissau,,,,,,ChIJ8amCr3Q85A4RTggeVz-O6Ls,2021-03-20,,,-26,,-27,
GW,Guinea-Bissau,,,,,,ChIJ8amCr3Q85A4RTggeVz-O6Ls,2021-03-21,,,,,-43,
GW,Guinea-Bissau,,,,,,ChIJ8amCr3Q85A4RTggeVz-O6Ls,2021-03-22,,,,,-24,
GW,Guinea-Bissau,,,,,,ChIJ8amCr3Q85A4RTggeVz-O6Ls,2021-03-23,,,-21,,-23,
GW,Guinea-Bissau,,,,,,ChIJ8amCr3Q85A4RTggeVz-O6Ls,2021-03-24,,,-26,,-23,
GW,Guinea-Bissau,,,,,,ChIJ8amCr3Q85A4RTggeVz-O6Ls,2021-03-25,,,-19,,-24,
GW,Guinea-Bissau,,,,,,ChIJ8amCr3Q85A4RTggeVz-O6Ls,2021-03-26,,,-31,,-23,
GW,Guinea-Bissau,,,,,,ChIJ8amCr3Q85A4RTggeVz-O6Ls,2021-03-27,,,-22,,-33,
GW,Guinea-Bissau,,,,,,ChIJ8amCr3Q85A4RTggeVz-O6Ls,2021-03-28,,,,,-46,
GW,Guinea-Bissau,,,,,,ChIJ8amCr3Q85A4RTggeVz-O6Ls,2021-03-29,,,,,-24,
GW,Guinea-Bissau,,,,,,ChIJ8amCr3Q85A4RTggeVz-O6Ls,2021-03-30,,,,,-21,
GW,Guinea-Bissau,,,,,,ChIJ8amCr3Q85A4RTggeVz-O6Ls,2021-03-31,,,-25,,-23,
GW,Guinea-Bissau,,,,,,ChIJ8amCr3Q85A4RTggeVz-O6Ls,2021-04-01,,,-23,,-26,
GW,Guinea-Bissau,,,,,,ChIJ8amCr3Q85A4RTggeVz-O6Ls,2021-04-02,,,-39,,-58,
GW,Guinea-Bissau,,,,,,ChIJ8amCr3Q85A4RTggeVz-O6Ls,2021-04-03,,,-27,,-42,
GW,Guinea-Bissau,,,,,,ChIJ8amCr3Q85A4RTggeVz-O6Ls,2021-04-04,,,,,-51,
GW,Guinea-Bissau,,,,,,ChIJ8amCr3Q85A4RTggeVz-O6Ls,2021-04-05,,,-26,,-68,
GW,Guinea-Bissau,,,,,,ChIJ8amCr3Q85A4RTggeVz-O6Ls,2021-04-06,,,-22,,-23,
GW,Guinea-Bissau,,,,,,ChIJ8amCr3Q85A4RTggeVz-O6Ls,2021-04-07,,,-16,,-21,
GW,Guinea-Bissau,,,,,,ChIJ8amCr3Q85A4RTggeVz-O6Ls,2021-04-08,,,-22,,-21,
GW,Guinea-Bissau,,,,,,ChIJ8amCr3Q85A4RTggeVz-O6Ls,2021-04-09,,,-29,,-27,
GW,Guinea-Bissau,,,,,,ChIJ8amCr3Q85A4RTggeVz-O6Ls,2021-04-10,,,-16,,-33,
GW,Guinea-Bissau,,,,,,ChIJ8amCr3Q85A4RTggeVz-O6Ls,2021-04-11,,,,,-40,
GW,Guinea-Bissau,,,,,,ChIJ8amCr3Q85A4RTggeVz-O6Ls,2021-04-12,,,,,-24,
GW,Guinea-Bissau,,,,,,ChIJ8amCr3Q85A4RTggeVz-O6Ls,2021-04-13,,,-20,,-23,
GW,Guinea-Bissau,,,,,,ChIJ8amCr3Q85A4RTggeVz-O6Ls,2021-04-14,,,-24,,-23,
GW,Guinea-Bissau,,,,,,ChIJ8amCr3Q85A4RTggeVz-O6Ls,2021-04-15,,,-32,,-22,
GW,Guinea-Bissau,,,,,,ChIJ8amCr3Q85A4RTggeVz-O6Ls,2021-04-16,,,-31,,-20,
GW,Guinea-Bissau,,,,,,ChIJ8amCr3Q85A4RTggeVz-O6Ls,2021-04-17,,,-27,,-29,
GW,Guinea-Bissau,,,,,,ChIJ8amCr3Q85A4RTggeVz-O6Ls,2021-04-18,,,,,-39,
GW,Guinea-Bissau,,,,,,ChIJ8amCr3Q85A4RTggeVz-O6Ls,2021-04-19,,,-26,,-13,
GW,Guinea-Bissau,,,,,,ChIJ8amCr3Q85A4RTggeVz-O6Ls,2021-04-20,,,-25,,-16,
GW,Guinea-Bissau,,,,,,ChIJ8amCr3Q85A4RTggeVz-O6Ls,2021-04-21,,,-24,,-18,
GW,Guinea-Bissau,,,,,,ChIJ8amCr3Q85A4RTggeVz-O6Ls,2021-04-22,,,-35,,-15,
GW,Guinea-Bissau,,,,,,ChIJ8amCr3Q85A4RTggeVz-O6Ls,2021-04-23,,,-32,,-20,
GW,Guinea-Bissau,,,,,,ChIJ8amCr3Q85A4RTggeVz-O6Ls,2021-04-24,,,-20,,-29,
GW,Guinea-Bissau,,,,,,ChIJ8amCr3Q85A4RTggeVz-O6Ls,2021-04-25,,,,,-39,
GW,Guinea-Bissau,,,,,,ChIJ8amCr3Q85A4RTggeVz-O6Ls,2021-04-26,,,,,-13,
GW,Guinea-Bissau,,,,,,ChIJ8amCr3Q85A4RTggeVz-O6Ls,2021-04-27,,,-22,,-12,
GW,Guinea-Bissau,,,,,,ChIJ8amCr3Q85A4RTggeVz-O6Ls,2021-04-28,,,-18,,-14,
GW,Guinea-Bissau,,,,,,ChIJ8amCr3Q85A4RTggeVz-O6Ls,2021-04-29,,,-20,,-18,
GW,Guinea-Bissau,,,,,,ChIJ8amCr3Q85A4RTggeVz-O6Ls,2021-04-30,,,-24,,-19,
GW,Guinea-Bissau,,,,,,ChIJ8amCr3Q85A4RTggeVz-O6Ls,2021-05-01,,,-22,,-45,
GW,Guinea-Bissau,,,,,,ChIJ8amCr3Q85A4RTggeVz-O6Ls,2021-05-02,,,,,-44,
GW,Guinea-Bissau,,,,,,ChIJ8amCr3Q85A4RTggeVz-O6Ls,2021-05-03,,,,,-16,
GW,Guinea-Bissau,,,,,,ChIJ8amCr3Q85A4RTggeVz-O6Ls,2021-05-04,,,-19,,-14,
GW,Guinea-Bissau,,,,,,ChIJ8amCr3Q85A4RTggeVz-O6Ls,2021-05-05,,,-14,,-11,
GW,Guinea-Bissau,,,,,,ChIJ8amCr3Q85A4RTggeVz-O6Ls,2021-05-06,,,-15,,-15,
GW,Guinea-Bissau,,,,,,ChIJ8amCr3Q85A4RTggeVz-O6Ls,2021-05-07,,,-28,,-14,
GW,Guinea-Bissau,,,,,,ChIJ8amCr3Q85A4RTggeVz-O6Ls,2021-05-08,,,-16,,-26,
GW,Guinea-Bissau,,,,,,ChIJ8amCr3Q85A4RTggeVz-O6Ls,2021-05-09,,,,,-38,
GW,Guinea-Bissau,,,,,,ChIJ8amCr3Q85A4RTggeVz-O6Ls,2021-05-10,,,,,-15,
GW,Guinea-Bissau,,,,,,ChIJ8amCr3Q85A4RTggeVz-O6Ls,2021-05-11,,,-16,,-15,
GW,Guinea-Bissau,,,,,,ChIJ8amCr3Q85A4RTggeVz-O6Ls,2021-05-12,,,-16,,-16,
GW,Guinea-Bissau,,,,,,ChIJ8amCr3Q85A4RTggeVz-O6Ls,2021-05-13,,,-25,,-75,
GW,Guinea-Bissau,,,,,,ChIJ8amCr3Q85A4RTggeVz-O6Ls,2021-05-14,,,-21,,-35,
GW,Guinea-Bissau,,,,,,ChIJ8amCr3Q85A4RTggeVz-O6Ls,2021-05-15,,,-24,,-28,
GW,Guinea-Bissau,,,,,,ChIJ8amCr3Q85A4RTggeVz-O6Ls,2021-05-16,,,,,-36,
GW,Guinea-Bissau,,,,,,ChIJ8amCr3Q85A4RTggeVz-O6Ls,2021-05-17,,,,,-12,
GW,Guinea-Bissau,,,,,,ChIJ8amCr3Q85A4RTggeVz-O6Ls,2021-05-18,,,-15,,-4,
GW,Guinea-Bissau,,,,,,ChIJ8amCr3Q85A4RTggeVz-O6Ls,2021-05-19,,,,,-6,
GW,Guinea-Bissau,,,,,,ChIJ8amCr3Q85A4RTggeVz-O6Ls,2021-05-20,,,-12,,-7,
GW,Guinea-Bissau,,,,,,ChIJ8amCr3Q85A4RTggeVz-O6Ls,2021-05-21,,,1,,-9,
GW,Guinea-Bissau,,,,,,ChIJ8amCr3Q85A4RTggeVz-O6Ls,2021-05-22,,,-7,,-28,
GW,Guinea-Bissau,,,,,,ChIJ8amCr3Q85A4RTggeVz-O6Ls,2021-05-23,,,,,-36,
GW,Guinea-Bissau,,,,,,ChIJ8amCr3Q85A4RTggeVz-O6Ls,2021-05-24,,,,,-10,
GW,Guinea-Bissau,,,,,,ChIJ8amCr3Q85A4RTggeVz-O6Ls,2021-05-25,,,,,-9,
GW,Guinea-Bissau,,,,,,ChIJ8amCr3Q85A4RTggeVz-O6Ls,2021-05-26,,,,,-8,
GW,Guinea-Bissau,,,,,,ChIJ8amCr3Q85A4RTggeVz-O6Ls,2021-05-27,,,,,-5,
GW,Guinea-Bissau,,,,,,ChIJ8amCr3Q85A4RTggeVz-O6Ls,2021-05-28,,,-4,,-5,
GW,Guinea-Bissau,,,,,,ChIJ8amCr3Q85A4RTggeVz-O6Ls,2021-05-29,,,-3,,-23,
GW,Guinea-Bissau,,,,,,ChIJ8amCr3Q85A4RTggeVz-O6Ls,2021-05-30,,,,,-40,
GW,Guinea-Bissau,,,,,,ChIJ8amCr3Q85A4RTggeVz-O6Ls,2021-05-31,,,,,-3,
GW,Guinea-Bissau,,,,,,ChIJ8amCr3Q85A4RTggeVz-O6Ls,2021-06-01,,,,,-1,
GW,Guinea-Bissau,,,,,,ChIJ8amCr3Q85A4RTggeVz-O6Ls,2021-06-02,,,,,-12,
GW,Guinea-Bissau,,,,,,ChIJ8amCr3Q85A4RTggeVz-O6Ls,2021-06-03,,,,,1,
GW,Guinea-Bissau,,,,,,ChIJ8amCr3Q85A4RTggeVz-O6Ls,2021-06-04,,,-3,,0,
GW,Guinea-Bissau,,,,,,ChIJ8amCr3Q85A4RTggeVz-O6Ls,2021-06-05,,,,,-26,
GW,Guinea-Bissau,,,,,,ChIJ8amCr3Q85A4RTggeVz-O6Ls,2021-06-06,,,,,-38,
GW,Guinea-Bissau,,,,,,ChIJ8amCr3Q85A4RTggeVz-O6Ls,2021-06-07,,,,,1,
GW,Guinea-Bissau,,,,,,ChIJ8amCr3Q85A4RTggeVz-O6Ls,2021-06-08,,,,,3,
GW,Guinea-Bissau,,,,,,ChIJ8amCr3Q85A4RTggeVz-O6Ls,2021-06-09,,,,,-2,
GW,Guinea-Bissau,,,,,,ChIJ8amCr3Q85A4RTggeVz-O6Ls,2021-06-10,,,,,-1,
GW,Guinea-Bissau,,,,,,ChIJ8amCr3Q85A4RTggeVz-O6Ls,2021-06-11,,,-1,,-3,
GW,Guinea-Bissau,,,,,,ChIJ8amCr3Q85A4RTggeVz-O6Ls,2021-06-12,,,,,-22,
GW,Guinea-Bissau,,,,,,ChIJ8amCr3Q85A4RTggeVz-O6Ls,2021-06-13,,,,,-31,
GW,Guinea-Bissau,,,,,,ChIJ8amCr3Q85A4RTggeVz-O6Ls,2021-06-14,,,,,-3,
GW,Guinea-Bissau,,,,,,ChIJ8amCr3Q85A4RTggeVz-O6Ls,2021-06-15,,,,,-1,
GW,Guinea-Bissau,,,,,,ChIJ8amCr3Q85A4RTggeVz-O6Ls,2021-06-16,,,,,-7,
GW,Guinea-Bissau,,,,,,ChIJ8amCr3Q85A4RTggeVz-O6Ls,2021-06-17,,,,,0,
GW,Guinea-Bissau,,,,,,ChIJ8amCr3Q85A4RTggeVz-O6Ls,2021-06-18,,,5,,-4,
GW,Guinea-Bissau,,,,,,ChIJ8amCr3Q85A4RTggeVz-O6Ls,2021-06-19,,,,,-27,
GW,Guinea-Bissau,,,,,,ChIJ8amCr3Q85A4RTggeVz-O6Ls,2021-06-20,,,,,-39,
GW,Guinea-Bissau,,,,,,ChIJ8amCr3Q85A4RTggeVz-O6Ls,2021-06-21,,,,,-5,
GW,Guinea-Bissau,,,,,,ChIJ8amCr3Q85A4RTggeVz-O6Ls,2021-06-22,,,,,-7,
GW,Guinea-Bissau,,,,,,ChIJ8amCr3Q85A4RTggeVz-O6Ls,2021-06-23,,,,,-4,
GW,Guinea-Bissau,,,,,,ChIJ8amCr3Q85A4RTggeVz-O6Ls,2021-06-24,,,,,-6,
GW,Guinea-Bissau,,,,,,ChIJ8amCr3Q85A4RTggeVz-O6Ls,2021-06-25,,,-7,,-4,
GW,Guinea-Bissau,,,,,,ChIJ8amCr3Q85A4RTggeVz-O6Ls,2021-06-26,,,-11,,-29,
GW,Guinea-Bissau,,,,,,ChIJ8amCr3Q85A4RTggeVz-O6Ls,2021-06-27,,,,,-41,
GW,Guinea-Bissau,,,,,,ChIJ8amCr3Q85A4RTggeVz-O6Ls,2021-06-28,,,,,-4,
GW,Guinea-Bissau,,,,,,ChIJ8amCr3Q85A4RTggeVz-O6Ls,2021-06-29,,,,,-8,
GW,Guinea-Bissau,,,,,,ChIJ8amCr3Q85A4RTggeVz-O6Ls,2021-06-30,,,,,-7,
GW,Guinea-Bissau,,,,,,ChIJ8amCr3Q85A4RTggeVz-O6Ls,2021-07-01,,,-9,,-6,
GW,Guinea-Bissau,,,,,,ChIJ8amCr3Q85A4RTggeVz-O6Ls,2021-07-02,,,-2,,-3,
GW,Guinea-Bissau,,,,,,ChIJ8amCr3Q85A4RTggeVz-O6Ls,2021-07-03,,,,,-23,
GW,Guinea-Bissau,,,,,,ChIJ8amCr3Q85A4RTggeVz-O6Ls,2021-07-04,,,,,-39,
GW,Guinea-Bissau,,,,,,ChIJ8amCr3Q85A4RTggeVz-O6Ls,2021-07-05,,,,,-2,
GW,Guinea-Bissau,,,,,,ChIJ8amCr3Q85A4RTggeVz-O6Ls,2021-07-06,,,,,-5,
GW,Guinea-Bissau,,,,,,ChIJ8amCr3Q85A4RTggeVz-O6Ls,2021-07-07,,,,,-5,
GW,Guinea-Bissau,,,,,,ChIJ8amCr3Q85A4RTggeVz-O6Ls,2021-07-08,,,-8,,-2,
GW,Guinea-Bissau,,,,,,ChIJ8amCr3Q85A4RTggeVz-O6Ls,2021-07-09,,,-1,,-6,
GW,Guinea-Bissau,,,,,,ChIJ8amCr3Q85A4RTggeVz-O6Ls,2021-07-10,,,,,-29,
GW,Guinea-Bissau,,,,,,ChIJ8amCr3Q85A4RTggeVz-O6Ls,2021-07-11,,,,,-49,
GW,Guinea-Bissau,,,,,,ChIJ8amCr3Q85A4RTggeVz-O6Ls,2021-07-12,,,,,-9,
GW,Guinea-Bissau,,,,,,ChIJ8amCr3Q85A4RTggeVz-O6Ls,2021-07-13,,,,,-7,
GW,Guinea-Bissau,,,,,,ChIJ8amCr3Q85A4RTggeVz-O6Ls,2021-07-14,,,,,-7,
GW,Guinea-Bissau,,,,,,ChIJ8amCr3Q85A4RTggeVz-O6Ls,2021-07-15,,,,,-2,
GW,Guinea-Bissau,,,,,,ChIJ8amCr3Q85A4RTggeVz-O6Ls,2021-07-16,,,-13,,-7,
GW,Guinea-Bissau,,,,,,ChIJ8amCr3Q85A4RTggeVz-O6Ls,2021-07-17,,,,,-28,
GW,Guinea-Bissau,,,,,,ChIJ8amCr3Q85A4RTggeVz-O6Ls,2021-07-18,,,,,-35,
