country_region_code,country_region,sub_region_1,sub_region_2,metro_area,iso_3166_2_code,census_fips_code,place_id,date,retail_and_recreation_percent_change_from_baseline,grocery_and_pharmacy_percent_change_from_baseline,parks_percent_change_from_baseline,transit_stations_percent_change_from_baseline,workplaces_percent_change_from_baseline,residential_percent_change_from_baseline
SG,Singapore,,,,,,ChIJdZOLiiMR2jERxPWrUs9peIg,2021-01-01,-25,3,-36,-46,-72,35
SG,Singapore,,,,,,ChIJdZOLiiMR2jERxPWrUs9peIg,2021-01-02,-20,1,-50,-30,-4,14
SG,Singapore,,,,,,ChIJdZOLiiMR2jERxPWrUs9peIg,2021-01-03,-14,5,-26,-26,4,10
SG,Singapore,,,,,,ChIJdZOLiiMR2jERxPWrUs9peIg,2021-01-04,-14,13,-17,-26,-19,14
SG,Singapore,,,,,,ChIJdZOLiiMR2jERxPWrUs9peIg,2021-01-05,-18,5,-11,-26,-18,13
SG,Singapore,,,,,,ChIJdZOLiiMR2jERxPWrUs9peIg,2021-01-06,-19,-2,-15,-25,-17,14
SG,Singapore,,,,,,ChIJdZOLiiMR2jERxPWrUs9peIg,2021-01-07,-21,-1,-25,-23,-18,13
SG,Singapore,,,,,,ChIJdZOLiiMR2jERxPWrUs9peIg,2021-01-08,-17,3,-30,-23,-13,15
SG,Singapore,,,,,,ChIJdZOLiiMR2jERxPWrUs9peIg,2021-01-09,-12,10,-31,-20,5,9
SG,Singapore,,,,,,ChIJdZOLiiMR2jERxPWrUs9peIg,2021-01-10,-22,-5,-56,-31,3,12
SG,Singapore,,,,,,ChIJdZOLiiMR2jERxPWrUs9peIg,2021-01-11,-17,10,-29,-25,-16,13
SG,Singapore,,,,,,ChIJdZOLiiMR2jERxPWrUs9peIg,2021-01-12,-19,4,-30,-25,-17,13
SG,Singapore,,,,,,ChIJdZOLiiMR2jERxPWrUs9peIg,2021-01-13,-19,-1,-24,-25,-16,12
SG,Singapore,,,,,,ChIJdZOLiiMR2jERxPWrUs9peIg,2021-01-14,-21,-5,-20,-23,-18,12
SG,Singapore,,,,,,ChIJdZOLiiMR2jERxPWrUs9peIg,2021-01-15,-17,-1,-21,-23,-14,13
SG,Singapore,,,,,,ChIJdZOLiiMR2jERxPWrUs9peIg,2021-01-16,-10,8,-8,-18,1,7
SG,Singapore,,,,,,ChIJdZOLiiMR2jERxPWrUs9peIg,2021-01-17,-13,2,-4,-24,3,7
SG,Singapore,,,,,,ChIJdZOLiiMR2jERxPWrUs9peIg,2021-01-18,-19,0,-18,-26,-17,12
SG,Singapore,,,,,,ChIJdZOLiiMR2jERxPWrUs9peIg,2021-01-19,-20,-2,-17,-26,-17,11
SG,Singapore,,,,,,ChIJdZOLiiMR2jERxPWrUs9peIg,2021-01-20,-20,-7,-17,-25,-16,12
SG,Singapore,,,,,,ChIJdZOLiiMR2jERxPWrUs9peIg,2021-01-21,-22,-8,-27,-23,-17,12
SG,Singapore,,,,,,ChIJdZOLiiMR2jERxPWrUs9peIg,2021-01-22,-17,-1,-27,-24,-13,14
SG,Singapore,,,,,,ChIJdZOLiiMR2jERxPWrUs9peIg,2021-01-23,-12,7,-23,-20,2,8
SG,Singapore,,,,,,ChIJdZOLiiMR2jERxPWrUs9peIg,2021-01-24,-13,2,-11,-24,4,8
SG,Singapore,,,,,,ChIJdZOLiiMR2jERxPWrUs9peIg,2021-01-25,-18,1,-25,-26,-16,12
SG,Singapore,,,,,,ChIJdZOLiiMR2jERxPWrUs9peIg,2021-01-26,-18,2,-18,-26,-16,11
SG,Singapore,,,,,,ChIJdZOLiiMR2jERxPWrUs9peIg,2021-01-27,-20,-7,-23,-26,-15,12
SG,Singapore,,,,,,ChIJdZOLiiMR2jERxPWrUs9peIg,2021-01-28,-20,-6,-24,-23,-16,12
SG,Singapore,,,,,,ChIJdZOLiiMR2jERxPWrUs9peIg,2021-01-29,-14,3,-20,-22,-11,13
SG,Singapore,,,,,,ChIJdZOLiiMR2jERxPWrUs9peIg,2021-01-30,-7,14,-8,-18,4,6
SG,Singapore,,,,,,ChIJdZOLiiMR2jERxPWrUs9peIg,2021-01-31,-10,8,-10,-23,6,7
SG,Singapore,,,,,,ChIJdZOLiiMR2jERxPWrUs9peIg,2021-02-01,-16,8,-20,-26,-15,11
SG,Singapore,,,,,,ChIJdZOLiiMR2jERxPWrUs9peIg,2021-02-02,-16,6,-17,-25,-15,11
SG,Singapore,,,,,,ChIJdZOLiiMR2jERxPWrUs9peIg,2021-02-03,-18,-1,-20,-24,-14,12
SG,Singapore,,,,,,ChIJdZOLiiMR2jERxPWrUs9peIg,2021-02-04,-17,4,-19,-22,-15,11
SG,Singapore,,,,,,ChIJdZOLiiMR2jERxPWrUs9peIg,2021-02-05,-13,11,-21,-21,-11,13
SG,Singapore,,,,,,ChIJdZOLiiMR2jERxPWrUs9peIg,2021-02-06,-9,18,-13,-17,4,7
SG,Singapore,,,,,,ChIJdZOLiiMR2jERxPWrUs9peIg,2021-02-07,-10,12,-11,-21,7,7
SG,Singapore,,,,,,ChIJdZOLiiMR2jERxPWrUs9peIg,2021-02-08,-12,18,-21,-23,-14,11
SG,Singapore,,,,,,ChIJdZOLiiMR2jERxPWrUs9peIg,2021-02-09,-13,18,-22,-22,-14,10
SG,Singapore,,,,,,ChIJdZOLiiMR2jERxPWrUs9peIg,2021-02-10,-10,25,-23,-20,-17,11
SG,Singapore,,,,,,ChIJdZOLiiMR2jERxPWrUs9peIg,2021-02-11,-21,15,-19,-27,-43,20
SG,Singapore,,,,,,ChIJdZOLiiMR2jERxPWrUs9peIg,2021-02-12,-43,-29,1,-49,-79,34
SG,Singapore,,,,,,ChIJdZOLiiMR2jERxPWrUs9peIg,2021-02-13,-31,-12,-6,-35,-50,15
SG,Singapore,,,,,,ChIJdZOLiiMR2jERxPWrUs9peIg,2021-02-14,-15,-8,4,-22,-15,8
SG,Singapore,,,,,,ChIJdZOLiiMR2jERxPWrUs9peIg,2021-02-15,-10,10,-1,-31,-41,19
SG,Singapore,,,,,,ChIJdZOLiiMR2jERxPWrUs9peIg,2021-02-16,-18,1,-14,-26,-21,14
SG,Singapore,,,,,,ChIJdZOLiiMR2jERxPWrUs9peIg,2021-02-17,-19,-6,-18,-24,-16,14
SG,Singapore,,,,,,ChIJdZOLiiMR2jERxPWrUs9peIg,2021-02-18,-19,-2,-20,-22,-16,13
SG,Singapore,,,,,,ChIJdZOLiiMR2jERxPWrUs9peIg,2021-02-19,-15,2,-20,-22,-12,14
SG,Singapore,,,,,,ChIJdZOLiiMR2jERxPWrUs9peIg,2021-02-20,-11,7,-9,-17,1,7
SG,Singapore,,,,,,ChIJdZOLiiMR2jERxPWrUs9peIg,2021-02-21,-14,-1,-4,-21,3,8
SG,Singapore,,,,,,ChIJdZOLiiMR2jERxPWrUs9peIg,2021-02-22,-17,0,-20,-24,-14,13
SG,Singapore,,,,,,ChIJdZOLiiMR2jERxPWrUs9peIg,2021-02-23,-17,0,-16,-24,-14,12
SG,Singapore,,,,,,ChIJdZOLiiMR2jERxPWrUs9peIg,2021-02-24,-18,-6,-22,-23,-13,13
SG,Singapore,,,,,,ChIJdZOLiiMR2jERxPWrUs9peIg,2021-02-25,-17,2,-21,-20,-14,12
SG,Singapore,,,,,,ChIJdZOLiiMR2jERxPWrUs9peIg,2021-02-26,-13,8,-19,-19,-11,14
SG,Singapore,,,,,,ChIJdZOLiiMR2jERxPWrUs9peIg,2021-02-27,-8,10,-5,-15,3,8
SG,Singapore,,,,,,ChIJdZOLiiMR2jERxPWrUs9peIg,2021-02-28,-10,3,-1,-19,5,8
SG,Singapore,,,,,,ChIJdZOLiiMR2jERxPWrUs9peIg,2021-03-01,-15,3,-19,-23,-14,13
SG,Singapore,,,,,,ChIJdZOLiiMR2jERxPWrUs9peIg,2021-03-02,-15,2,-14,-23,-14,12
SG,Singapore,,,,,,ChIJdZOLiiMR2jERxPWrUs9peIg,2021-03-03,-17,-4,-16,-22,-14,13
SG,Singapore,,,,,,ChIJdZOLiiMR2jERxPWrUs9peIg,2021-03-04,-18,-2,-17,-21,-15,12
SG,Singapore,,,,,,ChIJdZOLiiMR2jERxPWrUs9peIg,2021-03-05,-12,5,-17,-20,-11,14
SG,Singapore,,,,,,ChIJdZOLiiMR2jERxPWrUs9peIg,2021-03-06,-7,12,-3,-14,3,7
SG,Singapore,,,,,,ChIJdZOLiiMR2jERxPWrUs9peIg,2021-03-07,-12,0,-20,-21,3,9
SG,Singapore,,,,,,ChIJdZOLiiMR2jERxPWrUs9peIg,2021-03-08,-13,8,-16,-23,-14,12
SG,Singapore,,,,,,ChIJdZOLiiMR2jERxPWrUs9peIg,2021-03-09,-15,4,-12,-23,-14,12
SG,Singapore,,,,,,ChIJdZOLiiMR2jERxPWrUs9peIg,2021-03-10,-16,-2,-15,-22,-13,13
SG,Singapore,,,,,,ChIJdZOLiiMR2jERxPWrUs9peIg,2021-03-11,-17,0,-14,-20,-14,12
SG,Singapore,,,,,,ChIJdZOLiiMR2jERxPWrUs9peIg,2021-03-12,-12,5,-21,-20,-12,14
SG,Singapore,,,,,,ChIJdZOLiiMR2jERxPWrUs9peIg,2021-03-13,-7,9,-12,-15,2,8
SG,Singapore,,,,,,ChIJdZOLiiMR2jERxPWrUs9peIg,2021-03-14,-8,4,6,-17,4,7
SG,Singapore,,,,,,ChIJdZOLiiMR2jERxPWrUs9peIg,2021-03-15,-10,5,-7,-24,-21,14
SG,Singapore,,,,,,ChIJdZOLiiMR2jERxPWrUs9peIg,2021-03-16,-11,2,-3,-23,-20,13
SG,Singapore,,,,,,ChIJdZOLiiMR2jERxPWrUs9peIg,2021-03-17,-14,-5,-15,-23,-20,14
SG,Singapore,,,,,,ChIJdZOLiiMR2jERxPWrUs9peIg,2021-03-18,-14,0,-9,-21,-22,14
SG,Singapore,,,,,,ChIJdZOLiiMR2jERxPWrUs9peIg,2021-03-19,-9,5,-7,-21,-19,16
SG,Singapore,,,,,,ChIJdZOLiiMR2jERxPWrUs9peIg,2021-03-20,-7,11,-2,-14,2,7
SG,Singapore,,,,,,ChIJdZOLiiMR2jERxPWrUs9peIg,2021-03-21,-11,2,-2,-19,4,8
SG,Singapore,,,,,,ChIJdZOLiiMR2jERxPWrUs9peIg,2021-03-22,-14,5,-17,-23,-13,13
SG,Singapore,,,,,,ChIJdZOLiiMR2jERxPWrUs9peIg,2021-03-23,-16,0,-22,-23,-13,12
SG,Singapore,,,,,,ChIJdZOLiiMR2jERxPWrUs9peIg,2021-03-24,-18,-6,-29,-22,-13,13
SG,Singapore,,,,,,ChIJdZOLiiMR2jERxPWrUs9peIg,2021-03-25,-16,1,-21,-19,-14,12
SG,Singapore,,,,,,ChIJdZOLiiMR2jERxPWrUs9peIg,2021-03-26,-10,9,-14,-18,-10,13
SG,Singapore,,,,,,ChIJdZOLiiMR2jERxPWrUs9peIg,2021-03-27,-6,12,-6,-12,4,7
SG,Singapore,,,,,,ChIJdZOLiiMR2jERxPWrUs9peIg,2021-03-28,-8,5,4,-16,4,7
SG,Singapore,,,,,,ChIJdZOLiiMR2jERxPWrUs9peIg,2021-03-29,-14,5,-22,-22,-14,13
SG,Singapore,,,,,,ChIJdZOLiiMR2jERxPWrUs9peIg,2021-03-30,-13,7,-14,-21,-13,11
SG,Singapore,,,,,,ChIJdZOLiiMR2jERxPWrUs9peIg,2021-03-31,-13,1,-19,-19,-13,12
SG,Singapore,,,,,,ChIJdZOLiiMR2jERxPWrUs9peIg,2021-04-01,-7,11,-5,-14,-14,9
SG,Singapore,,,,,,ChIJdZOLiiMR2jERxPWrUs9peIg,2021-04-02,-8,19,16,-31,-68,30
SG,Singapore,,,,,,ChIJdZOLiiMR2jERxPWrUs9peIg,2021-04-03,-7,13,-15,-14,1,8
SG,Singapore,,,,,,ChIJdZOLiiMR2jERxPWrUs9peIg,2021-04-04,-11,3,-10,-19,3,8
SG,Singapore,,,,,,ChIJdZOLiiMR2jERxPWrUs9peIg,2021-04-05,-14,5,-28,-22,-13,12
SG,Singapore,,,,,,ChIJdZOLiiMR2jERxPWrUs9peIg,2021-04-06,-14,6,-17,-21,-12,11
SG,Singapore,,,,,,ChIJdZOLiiMR2jERxPWrUs9peIg,2021-04-07,-15,0,-19,-19,-12,12
SG,Singapore,,,,,,ChIJdZOLiiMR2jERxPWrUs9peIg,2021-04-08,-15,1,-21,-17,-12,11
SG,Singapore,,,,,,ChIJdZOLiiMR2jERxPWrUs9peIg,2021-04-09,-11,5,-21,-18,-9,13
SG,Singapore,,,,,,ChIJdZOLiiMR2jERxPWrUs9peIg,2021-04-10,-3,16,-2,-12,4,7
SG,Singapore,,,,,,ChIJdZOLiiMR2jERxPWrUs9peIg,2021-04-11,-6,10,3,-15,4,7
SG,Singapore,,,,,,ChIJdZOLiiMR2jERxPWrUs9peIg,2021-04-12,-12,12,-23,-20,-11,11
SG,Singapore,,,,,,ChIJdZOLiiMR2jERxPWrUs9peIg,2021-04-13,-18,7,-20,-21,-12,12
SG,Singapore,,,,,,ChIJdZOLiiMR2jERxPWrUs9peIg,2021-04-14,-18,-1,-22,-20,-11,12
SG,Singapore,,,,,,ChIJdZOLiiMR2jERxPWrUs9peIg,2021-04-15,-20,-5,-32,-19,-11,12
SG,Singapore,,,,,,ChIJdZOLiiMR2jERxPWrUs9peIg,2021-04-16,-13,5,-23,-18,-8,14
SG,Singapore,,,,,,ChIJdZOLiiMR2jERxPWrUs9peIg,2021-04-17,-12,6,-32,-18,3,10
SG,Singapore,,,,,,ChIJdZOLiiMR2jERxPWrUs9peIg,2021-04-18,-11,5,-14,-19,5,9
SG,Singapore,,,,,,ChIJdZOLiiMR2jERxPWrUs9peIg,2021-04-19,-15,7,-21,-19,-10,12
SG,Singapore,,,,,,ChIJdZOLiiMR2jERxPWrUs9peIg,2021-04-20,-15,5,-18,-19,-10,11
SG,Singapore,,,,,,ChIJdZOLiiMR2jERxPWrUs9peIg,2021-04-21,-16,-1,-20,-19,-10,12
SG,Singapore,,,,,,ChIJdZOLiiMR2jERxPWrUs9peIg,2021-04-22,-17,3,-24,-18,-10,12
SG,Singapore,,,,,,ChIJdZOLiiMR2jERxPWrUs9peIg,2021-04-23,-12,9,-19,-17,-7,13
SG,Singapore,,,,,,ChIJdZOLiiMR2jERxPWrUs9peIg,2021-04-24,-8,14,-25,-16,3,9
SG,Singapore,,,,,,ChIJdZOLiiMR2jERxPWrUs9peIg,2021-04-25,-9,11,-7,-19,5,8
SG,Singapore,,,,,,ChIJdZOLiiMR2jERxPWrUs9peIg,2021-04-26,-16,6,-27,-21,-10,12
SG,Singapore,,,,,,ChIJdZOLiiMR2jERxPWrUs9peIg,2021-04-27,-16,6,-16,-19,-9,11
SG,Singapore,,,,,,ChIJdZOLiiMR2jERxPWrUs9peIg,2021-04-28,-16,-1,-20,-17,-9,12
SG,Singapore,,,,,,ChIJdZOLiiMR2jERxPWrUs9peIg,2021-04-29,-15,2,-21,-15,-10,11
SG,Singapore,,,,,,ChIJdZOLiiMR2jERxPWrUs9peIg,2021-04-30,-9,11,-20,-14,-7,13
SG,Singapore,,,,,,ChIJdZOLiiMR2jERxPWrUs9peIg,2021-05-01,-11,16,-10,-20,-30,14
SG,Singapore,,,,,,ChIJdZOLiiMR2jERxPWrUs9peIg,2021-05-02,-11,6,-8,-19,2,9
SG,Singapore,,,,,,ChIJdZOLiiMR2jERxPWrUs9peIg,2021-05-03,-10,14,-10,-25,-29,17
SG,Singapore,,,,,,ChIJdZOLiiMR2jERxPWrUs9peIg,2021-05-04,-17,6,-18,-20,-12,13
SG,Singapore,,,,,,ChIJdZOLiiMR2jERxPWrUs9peIg,2021-05-05,-19,-2,-24,-21,-13,14
SG,Singapore,,,,,,ChIJdZOLiiMR2jERxPWrUs9peIg,2021-05-06,-19,3,-21,-19,-14,13
SG,Singapore,,,,,,ChIJdZOLiiMR2jERxPWrUs9peIg,2021-05-07,-13,9,-22,-18,-10,15
SG,Singapore,,,,,,ChIJdZOLiiMR2jERxPWrUs9peIg,2021-05-08,-10,16,-24,-17,2,10
SG,Singapore,,,,,,ChIJdZOLiiMR2jERxPWrUs9peIg,2021-05-09,-12,8,-18,-22,3,10
SG,Singapore,,,,,,ChIJdZOLiiMR2jERxPWrUs9peIg,2021-05-10,-16,11,-18,-23,-15,15
SG,Singapore,,,,,,ChIJdZOLiiMR2jERxPWrUs9peIg,2021-05-11,-16,11,-17,-22,-16,14
SG,Singapore,,,,,,ChIJdZOLiiMR2jERxPWrUs9peIg,2021-05-12,-13,9,-15,-20,-19,15
SG,Singapore,,,,,,ChIJdZOLiiMR2jERxPWrUs9peIg,2021-05-13,-20,10,11,-39,-73,31
SG,Singapore,,,,,,ChIJdZOLiiMR2jERxPWrUs9peIg,2021-05-14,-15,12,-23,-23,-21,19
SG,Singapore,,,,,,ChIJdZOLiiMR2jERxPWrUs9peIg,2021-05-15,-13,13,-23,-21,-3,11
SG,Singapore,,,,,,ChIJdZOLiiMR2jERxPWrUs9peIg,2021-05-16,-44,-7,-30,-42,-9,18
SG,Singapore,,,,,,ChIJdZOLiiMR2jERxPWrUs9peIg,2021-05-17,-40,-2,-30,-34,-26,22
SG,Singapore,,,,,,ChIJdZOLiiMR2jERxPWrUs9peIg,2021-05-18,-42,-4,-28,-36,-28,23
SG,Singapore,,,,,,ChIJdZOLiiMR2jERxPWrUs9peIg,2021-05-19,-44,-10,-27,-40,-36,27
SG,Singapore,,,,,,ChIJdZOLiiMR2jERxPWrUs9peIg,2021-05-20,-44,-6,-26,-43,-37,26
SG,Singapore,,,,,,ChIJdZOLiiMR2jERxPWrUs9peIg,2021-05-21,-45,-7,-37,-43,-33,30
SG,Singapore,,,,,,ChIJdZOLiiMR2jERxPWrUs9peIg,2021-05-22,-41,2,-29,-40,-8,19
SG,Singapore,,,,,,ChIJdZOLiiMR2jERxPWrUs9peIg,2021-05-23,-45,-8,-24,-46,-10,18
SG,Singapore,,,,,,ChIJdZOLiiMR2jERxPWrUs9peIg,2021-05-24,-41,-2,-25,-42,-36,26
SG,Singapore,,,,,,ChIJdZOLiiMR2jERxPWrUs9peIg,2021-05-25,-40,1,-14,-41,-36,24
SG,Singapore,,,,,,ChIJdZOLiiMR2jERxPWrUs9peIg,2021-05-26,-43,1,6,-55,-73,39
SG,Singapore,,,,,,ChIJdZOLiiMR2jERxPWrUs9peIg,2021-05-27,-45,-11,-27,-41,-36,26
SG,Singapore,,,,,,ChIJdZOLiiMR2jERxPWrUs9peIg,2021-05-28,-42,-3,-25,-41,-32,29
SG,Singapore,,,,,,ChIJdZOLiiMR2jERxPWrUs9peIg,2021-05-29,-39,3,-22,-38,-4,18
SG,Singapore,,,,,,ChIJdZOLiiMR2jERxPWrUs9peIg,2021-05-30,-42,-5,-18,-44,-4,18
SG,Singapore,,,,,,ChIJdZOLiiMR2jERxPWrUs9peIg,2021-05-31,-38,0,-21,-40,-34,25
SG,Singapore,,,,,,ChIJdZOLiiMR2jERxPWrUs9peIg,2021-06-01,-39,0,-15,-40,-34,25
SG,Singapore,,,,,,ChIJdZOLiiMR2jERxPWrUs9peIg,2021-06-02,-42,-9,-22,-41,-35,26
SG,Singapore,,,,,,ChIJdZOLiiMR2jERxPWrUs9peIg,2021-06-03,-42,-4,-20,-39,-35,26
SG,Singapore,,,,,,ChIJdZOLiiMR2jERxPWrUs9peIg,2021-06-04,-41,-1,-25,-40,-31,29
SG,Singapore,,,,,,ChIJdZOLiiMR2jERxPWrUs9peIg,2021-06-05,-37,6,-17,-35,-4,18
SG,Singapore,,,,,,ChIJdZOLiiMR2jERxPWrUs9peIg,2021-06-06,-40,-3,-12,-41,-4,17
SG,Singapore,,,,,,ChIJdZOLiiMR2jERxPWrUs9peIg,2021-06-07,-39,-1,-20,-40,-34,25
SG,Singapore,,,,,,ChIJdZOLiiMR2jERxPWrUs9peIg,2021-06-08,-39,2,-10,-39,-34,25
SG,Singapore,,,,,,ChIJdZOLiiMR2jERxPWrUs9peIg,2021-06-09,-40,-3,-13,-39,-34,25
SG,Singapore,,,,,,ChIJdZOLiiMR2jERxPWrUs9peIg,2021-06-10,-42,-5,-26,-38,-34,25
SG,Singapore,,,,,,ChIJdZOLiiMR2jERxPWrUs9peIg,2021-06-11,-39,1,-18,-38,-31,28
SG,Singapore,,,,,,ChIJdZOLiiMR2jERxPWrUs9peIg,2021-06-12,-36,6,-15,-34,-3,17
SG,Singapore,,,,,,ChIJdZOLiiMR2jERxPWrUs9peIg,2021-06-13,-38,-1,-8,-39,-3,16
SG,Singapore,,,,,,ChIJdZOLiiMR2jERxPWrUs9peIg,2021-06-14,-37,1,-12,-38,-33,23
SG,Singapore,,,,,,ChIJdZOLiiMR2jERxPWrUs9peIg,2021-06-15,-38,-2,-16,-38,-33,24
SG,Singapore,,,,,,ChIJdZOLiiMR2jERxPWrUs9peIg,2021-06-16,-37,-5,-7,-37,-33,24
SG,Singapore,,,,,,ChIJdZOLiiMR2jERxPWrUs9peIg,2021-06-17,-39,-4,-13,-36,-34,23
SG,Singapore,,,,,,ChIJdZOLiiMR2jERxPWrUs9peIg,2021-06-18,-39,-3,-26,-38,-30,27
SG,Singapore,,,,,,ChIJdZOLiiMR2jERxPWrUs9peIg,2021-06-19,-34,5,-15,-32,-2,15
SG,Singapore,,,,,,ChIJdZOLiiMR2jERxPWrUs9peIg,2021-06-20,-37,-5,-12,-38,-1,14
SG,Singapore,,,,,,ChIJdZOLiiMR2jERxPWrUs9peIg,2021-06-21,-23,4,-10,-34,-31,21
SG,Singapore,,,,,,ChIJdZOLiiMR2jERxPWrUs9peIg,2021-06-22,-25,2,-9,-35,-30,21
SG,Singapore,,,,,,ChIJdZOLiiMR2jERxPWrUs9peIg,2021-06-23,-26,-1,-9,-34,-30,21
SG,Singapore,,,,,,ChIJdZOLiiMR2jERxPWrUs9peIg,2021-06-24,-27,-5,-22,-34,-31,21
SG,Singapore,,,,,,ChIJdZOLiiMR2jERxPWrUs9peIg,2021-06-25,-23,4,-17,-33,-27,23
