country_region_code,country_region,sub_region_1,sub_region_2,metro_area,iso_3166_2_code,census_fips_code,place_id,date,retail_and_recreation_percent_change_from_baseline,grocery_and_pharmacy_percent_change_from_baseline,parks_percent_change_from_baseline,transit_stations_percent_change_from_baseline,workplaces_percent_change_from_baseline,residential_percent_change_from_baseline
BF,Burkina Faso,,,,,,ChIJm3Cm1SbKLQ4Rq22DRu0Kkyc,2021-01-01,7,47,54,-12,-66,17
BF,Burkina Faso,,,,,,ChIJm3Cm1SbKLQ4Rq22DRu0Kkyc,2021-01-02,6,63,53,17,-16,12
BF,Burkina Faso,,,,,,ChIJm3Cm1SbKLQ4Rq22DRu0Kkyc,2021-01-03,21,70,55,41,-3,3
BF,Burkina Faso,,,,,,ChIJm3Cm1SbKLQ4Rq22DRu0Kkyc,2021-01-04,8,72,49,39,-42,15
BF,Burkina Faso,,,,,,ChIJm3Cm1SbKLQ4Rq22DRu0Kkyc,2021-01-05,15,83,57,33,10,4
BF,Burkina Faso,,,,,,ChIJm3Cm1SbKLQ4Rq22DRu0Kkyc,2021-01-06,13,77,56,27,9,6
BF,Burkina Faso,,,,,,ChIJm3Cm1SbKLQ4Rq22DRu0Kkyc,2021-01-07,17,73,44,27,12,6
BF,Burkina Faso,,,,,,ChIJm3Cm1SbKLQ4Rq22DRu0Kkyc,2021-01-08,19,72,60,20,15,3
BF,Burkina Faso,,,,,,ChIJm3Cm1SbKLQ4Rq22DRu0Kkyc,2021-01-09,15,63,64,19,12,3
BF,Burkina Faso,,,,,,ChIJm3Cm1SbKLQ4Rq22DRu0Kkyc,2021-01-10,19,50,53,23,3,2
BF,Burkina Faso,,,,,,ChIJm3Cm1SbKLQ4Rq22DRu0Kkyc,2021-01-11,20,66,59,25,12,4
BF,Burkina Faso,,,,,,ChIJm3Cm1SbKLQ4Rq22DRu0Kkyc,2021-01-12,18,67,51,23,10,3
BF,Burkina Faso,,,,,,ChIJm3Cm1SbKLQ4Rq22DRu0Kkyc,2021-01-13,13,62,54,16,7,3
BF,Burkina Faso,,,,,,ChIJm3Cm1SbKLQ4Rq22DRu0Kkyc,2021-01-14,14,55,49,15,6,3
BF,Burkina Faso,,,,,,ChIJm3Cm1SbKLQ4Rq22DRu0Kkyc,2021-01-15,14,53,56,10,7,2
BF,Burkina Faso,,,,,,ChIJm3Cm1SbKLQ4Rq22DRu0Kkyc,2021-01-16,7,44,60,4,2,3
BF,Burkina Faso,,,,,,ChIJm3Cm1SbKLQ4Rq22DRu0Kkyc,2021-01-17,12,39,45,12,-4,4
BF,Burkina Faso,,,,,,ChIJm3Cm1SbKLQ4Rq22DRu0Kkyc,2021-01-18,13,56,49,13,5,5
BF,Burkina Faso,,,,,,ChIJm3Cm1SbKLQ4Rq22DRu0Kkyc,2021-01-19,12,54,46,12,5,4
BF,Burkina Faso,,,,,,ChIJm3Cm1SbKLQ4Rq22DRu0Kkyc,2021-01-20,10,55,56,11,4,5
BF,Burkina Faso,,,,,,ChIJm3Cm1SbKLQ4Rq22DRu0Kkyc,2021-01-21,14,55,45,15,7,4
BF,Burkina Faso,,,,,,ChIJm3Cm1SbKLQ4Rq22DRu0Kkyc,2021-01-22,17,58,63,11,11,4
BF,Burkina Faso,,,,,,ChIJm3Cm1SbKLQ4Rq22DRu0Kkyc,2021-01-23,14,53,72,10,8,4
BF,Burkina Faso,,,,,,ChIJm3Cm1SbKLQ4Rq22DRu0Kkyc,2021-01-24,16,43,56,14,0,4
BF,Burkina Faso,,,,,,ChIJm3Cm1SbKLQ4Rq22DRu0Kkyc,2021-01-25,18,62,66,18,10,4
BF,Burkina Faso,,,,,,ChIJm3Cm1SbKLQ4Rq22DRu0Kkyc,2021-01-26,17,64,57,18,10,4
BF,Burkina Faso,,,,,,ChIJm3Cm1SbKLQ4Rq22DRu0Kkyc,2021-01-27,16,62,68,14,9,5
BF,Burkina Faso,,,,,,ChIJm3Cm1SbKLQ4Rq22DRu0Kkyc,2021-01-28,19,60,52,20,9,3
BF,Burkina Faso,,,,,,ChIJm3Cm1SbKLQ4Rq22DRu0Kkyc,2021-01-29,23,69,54,17,10,-1
BF,Burkina Faso,,,,,,ChIJm3Cm1SbKLQ4Rq22DRu0Kkyc,2021-01-30,17,65,61,17,4,-3
BF,Burkina Faso,,,,,,ChIJm3Cm1SbKLQ4Rq22DRu0Kkyc,2021-01-31,18,58,41,22,-6,-3
BF,Burkina Faso,,,,,,ChIJm3Cm1SbKLQ4Rq22DRu0Kkyc,2021-02-01,16,70,49,19,8,-1
BF,Burkina Faso,,,,,,ChIJm3Cm1SbKLQ4Rq22DRu0Kkyc,2021-02-02,16,76,53,18,9,-2
BF,Burkina Faso,,,,,,ChIJm3Cm1SbKLQ4Rq22DRu0Kkyc,2021-02-03,12,71,61,10,4,0
BF,Burkina Faso,,,,,,ChIJm3Cm1SbKLQ4Rq22DRu0Kkyc,2021-02-04,12,69,47,12,4,-1
BF,Burkina Faso,,,,,,ChIJm3Cm1SbKLQ4Rq22DRu0Kkyc,2021-02-05,17,70,55,15,7,-3
BF,Burkina Faso,,,,,,ChIJm3Cm1SbKLQ4Rq22DRu0Kkyc,2021-02-06,12,61,69,15,2,-2
BF,Burkina Faso,,,,,,ChIJm3Cm1SbKLQ4Rq22DRu0Kkyc,2021-02-07,11,54,55,17,-13,-1
BF,Burkina Faso,,,,,,ChIJm3Cm1SbKLQ4Rq22DRu0Kkyc,2021-02-08,13,71,54,16,4,0
BF,Burkina Faso,,,,,,ChIJm3Cm1SbKLQ4Rq22DRu0Kkyc,2021-02-09,15,77,54,18,6,-1
BF,Burkina Faso,,,,,,ChIJm3Cm1SbKLQ4Rq22DRu0Kkyc,2021-02-10,11,71,52,15,4,-1
BF,Burkina Faso,,,,,,ChIJm3Cm1SbKLQ4Rq22DRu0Kkyc,2021-02-11,15,62,33,20,6,-1
BF,Burkina Faso,,,,,,ChIJm3Cm1SbKLQ4Rq22DRu0Kkyc,2021-02-12,17,63,42,14,7,-3
BF,Burkina Faso,,,,,,ChIJm3Cm1SbKLQ4Rq22DRu0Kkyc,2021-02-13,14,53,52,12,2,-2
BF,Burkina Faso,,,,,,ChIJm3Cm1SbKLQ4Rq22DRu0Kkyc,2021-02-14,24,51,50,17,-10,-4
BF,Burkina Faso,,,,,,ChIJm3Cm1SbKLQ4Rq22DRu0Kkyc,2021-02-15,14,63,36,12,3,-2
BF,Burkina Faso,,,,,,ChIJm3Cm1SbKLQ4Rq22DRu0Kkyc,2021-02-16,14,63,39,10,4,-2
BF,Burkina Faso,,,,,,ChIJm3Cm1SbKLQ4Rq22DRu0Kkyc,2021-02-17,8,61,39,7,3,-3
BF,Burkina Faso,,,,,,ChIJm3Cm1SbKLQ4Rq22DRu0Kkyc,2021-02-18,13,60,30,10,6,-1
BF,Burkina Faso,,,,,,ChIJm3Cm1SbKLQ4Rq22DRu0Kkyc,2021-02-19,12,62,41,8,9,-2
BF,Burkina Faso,,,,,,ChIJm3Cm1SbKLQ4Rq22DRu0Kkyc,2021-02-20,12,56,43,3,4,-2
BF,Burkina Faso,,,,,,ChIJm3Cm1SbKLQ4Rq22DRu0Kkyc,2021-02-21,13,46,37,5,-10,-1
BF,Burkina Faso,,,,,,ChIJm3Cm1SbKLQ4Rq22DRu0Kkyc,2021-02-22,14,67,40,7,6,-1
BF,Burkina Faso,,,,,,ChIJm3Cm1SbKLQ4Rq22DRu0Kkyc,2021-02-23,16,71,37,12,7,-2
BF,Burkina Faso,,,,,,ChIJm3Cm1SbKLQ4Rq22DRu0Kkyc,2021-02-24,14,67,45,12,5,-2
BF,Burkina Faso,,,,,,ChIJm3Cm1SbKLQ4Rq22DRu0Kkyc,2021-02-25,16,68,29,13,8,-2
BF,Burkina Faso,,,,,,ChIJm3Cm1SbKLQ4Rq22DRu0Kkyc,2021-02-26,18,69,44,16,11,-3
BF,Burkina Faso,,,,,,ChIJm3Cm1SbKLQ4Rq22DRu0Kkyc,2021-02-27,18,66,59,12,8,-3
BF,Burkina Faso,,,,,,ChIJm3Cm1SbKLQ4Rq22DRu0Kkyc,2021-02-28,20,55,52,17,-8,-4
BF,Burkina Faso,,,,,,ChIJm3Cm1SbKLQ4Rq22DRu0Kkyc,2021-03-01,20,74,50,19,8,-3
BF,Burkina Faso,,,,,,ChIJm3Cm1SbKLQ4Rq22DRu0Kkyc,2021-03-02,19,74,49,16,9,-3
BF,Burkina Faso,,,,,,ChIJm3Cm1SbKLQ4Rq22DRu0Kkyc,2021-03-03,16,71,48,13,6,-2
BF,Burkina Faso,,,,,,ChIJm3Cm1SbKLQ4Rq22DRu0Kkyc,2021-03-04,19,67,37,16,8,-3
BF,Burkina Faso,,,,,,ChIJm3Cm1SbKLQ4Rq22DRu0Kkyc,2021-03-05,22,72,50,20,11,-4
BF,Burkina Faso,,,,,,ChIJm3Cm1SbKLQ4Rq22DRu0Kkyc,2021-03-06,21,65,64,14,4,-4
BF,Burkina Faso,,,,,,ChIJm3Cm1SbKLQ4Rq22DRu0Kkyc,2021-03-07,28,55,60,17,-9,-4
BF,Burkina Faso,,,,,,ChIJm3Cm1SbKLQ4Rq22DRu0Kkyc,2021-03-08,20,55,51,13,-48,8
BF,Burkina Faso,,,,,,ChIJm3Cm1SbKLQ4Rq22DRu0Kkyc,2021-03-09,16,73,43,17,10,-4
BF,Burkina Faso,,,,,,ChIJm3Cm1SbKLQ4Rq22DRu0Kkyc,2021-03-10,14,72,49,13,7,-2
BF,Burkina Faso,,,,,,ChIJm3Cm1SbKLQ4Rq22DRu0Kkyc,2021-03-11,17,66,34,15,9,-2
BF,Burkina Faso,,,,,,ChIJm3Cm1SbKLQ4Rq22DRu0Kkyc,2021-03-12,17,69,40,16,12,-3
BF,Burkina Faso,,,,,,ChIJm3Cm1SbKLQ4Rq22DRu0Kkyc,2021-03-13,20,66,56,12,9,-3
BF,Burkina Faso,,,,,,ChIJm3Cm1SbKLQ4Rq22DRu0Kkyc,2021-03-14,20,54,47,20,-7,-3
BF,Burkina Faso,,,,,,ChIJm3Cm1SbKLQ4Rq22DRu0Kkyc,2021-03-15,18,77,45,24,9,-2
BF,Burkina Faso,,,,,,ChIJm3Cm1SbKLQ4Rq22DRu0Kkyc,2021-03-16,18,76,45,21,10,-3
BF,Burkina Faso,,,,,,ChIJm3Cm1SbKLQ4Rq22DRu0Kkyc,2021-03-17,15,70,52,21,8,-2
BF,Burkina Faso,,,,,,ChIJm3Cm1SbKLQ4Rq22DRu0Kkyc,2021-03-18,19,71,35,23,11,-2
BF,Burkina Faso,,,,,,ChIJm3Cm1SbKLQ4Rq22DRu0Kkyc,2021-03-19,21,74,44,20,14,-4
BF,Burkina Faso,,,,,,ChIJm3Cm1SbKLQ4Rq22DRu0Kkyc,2021-03-20,20,65,62,19,8,-4
BF,Burkina Faso,,,,,,ChIJm3Cm1SbKLQ4Rq22DRu0Kkyc,2021-03-21,19,54,51,22,-7,-3
BF,Burkina Faso,,,,,,ChIJm3Cm1SbKLQ4Rq22DRu0Kkyc,2021-03-22,18,74,47,20,10,-2
BF,Burkina Faso,,,,,,ChIJm3Cm1SbKLQ4Rq22DRu0Kkyc,2021-03-23,18,76,44,23,10,-3
BF,Burkina Faso,,,,,,ChIJm3Cm1SbKLQ4Rq22DRu0Kkyc,2021-03-24,19,79,59,25,7,-3
BF,Burkina Faso,,,,,,ChIJm3Cm1SbKLQ4Rq22DRu0Kkyc,2021-03-25,23,75,57,29,10,-3
BF,Burkina Faso,,,,,,ChIJm3Cm1SbKLQ4Rq22DRu0Kkyc,2021-03-26,25,80,67,29,12,-5
BF,Burkina Faso,,,,,,ChIJm3Cm1SbKLQ4Rq22DRu0Kkyc,2021-03-27,24,73,90,23,4,-5
BF,Burkina Faso,,,,,,ChIJm3Cm1SbKLQ4Rq22DRu0Kkyc,2021-03-28,25,60,76,35,-8,-5
BF,Burkina Faso,,,,,,ChIJm3Cm1SbKLQ4Rq22DRu0Kkyc,2021-03-29,24,84,54,32,9,-3
BF,Burkina Faso,,,,,,ChIJm3Cm1SbKLQ4Rq22DRu0Kkyc,2021-03-30,22,88,51,29,10,-2
BF,Burkina Faso,,,,,,ChIJm3Cm1SbKLQ4Rq22DRu0Kkyc,2021-03-31,20,87,55,27,7,-2
BF,Burkina Faso,,,,,,ChIJm3Cm1SbKLQ4Rq22DRu0Kkyc,2021-04-01,26,81,51,41,10,-3
BF,Burkina Faso,,,,,,ChIJm3Cm1SbKLQ4Rq22DRu0Kkyc,2021-04-02,30,90,57,43,12,-5
BF,Burkina Faso,,,,,,ChIJm3Cm1SbKLQ4Rq22DRu0Kkyc,2021-04-03,27,91,78,46,-1,-3
BF,Burkina Faso,,,,,,ChIJm3Cm1SbKLQ4Rq22DRu0Kkyc,2021-04-04,29,66,63,25,-19,-4
BF,Burkina Faso,,,,,,ChIJm3Cm1SbKLQ4Rq22DRu0Kkyc,2021-04-05,20,75,50,33,-47,9
BF,Burkina Faso,,,,,,ChIJm3Cm1SbKLQ4Rq22DRu0Kkyc,2021-04-06,28,91,62,42,3,-1
BF,Burkina Faso,,,,,,ChIJm3Cm1SbKLQ4Rq22DRu0Kkyc,2021-04-07,24,92,66,38,-1,0
BF,Burkina Faso,,,,,,ChIJm3Cm1SbKLQ4Rq22DRu0Kkyc,2021-04-08,28,86,60,40,2,0
BF,Burkina Faso,,,,,,ChIJm3Cm1SbKLQ4Rq22DRu0Kkyc,2021-04-09,33,85,61,38,5,-1
BF,Burkina Faso,,,,,,ChIJm3Cm1SbKLQ4Rq22DRu0Kkyc,2021-04-10,27,75,79,32,-3,-3
BF,Burkina Faso,,,,,,ChIJm3Cm1SbKLQ4Rq22DRu0Kkyc,2021-04-11,29,64,60,49,-6,-4
BF,Burkina Faso,,,,,,ChIJm3Cm1SbKLQ4Rq22DRu0Kkyc,2021-04-12,22,84,57,37,11,-3
BF,Burkina Faso,,,,,,ChIJm3Cm1SbKLQ4Rq22DRu0Kkyc,2021-04-13,10,69,47,21,12,-1
BF,Burkina Faso,,,,,,ChIJm3Cm1SbKLQ4Rq22DRu0Kkyc,2021-04-14,8,69,47,19,7,-1
BF,Burkina Faso,,,,,,ChIJm3Cm1SbKLQ4Rq22DRu0Kkyc,2021-04-15,13,68,41,21,13,0
BF,Burkina Faso,,,,,,ChIJm3Cm1SbKLQ4Rq22DRu0Kkyc,2021-04-16,14,66,47,21,16,-2
BF,Burkina Faso,,,,,,ChIJm3Cm1SbKLQ4Rq22DRu0Kkyc,2021-04-17,11,60,53,13,9,1
BF,Burkina Faso,,,,,,ChIJm3Cm1SbKLQ4Rq22DRu0Kkyc,2021-04-18,11,53,49,18,-1,3
BF,Burkina Faso,,,,,,ChIJm3Cm1SbKLQ4Rq22DRu0Kkyc,2021-04-19,16,71,51,23,13,0
BF,Burkina Faso,,,,,,ChIJm3Cm1SbKLQ4Rq22DRu0Kkyc,2021-04-20,13,75,44,20,13,-1
BF,Burkina Faso,,,,,,ChIJm3Cm1SbKLQ4Rq22DRu0Kkyc,2021-04-21,12,69,48,19,10,0
BF,Burkina Faso,,,,,,ChIJm3Cm1SbKLQ4Rq22DRu0Kkyc,2021-04-22,15,65,40,22,14,0
BF,Burkina Faso,,,,,,ChIJm3Cm1SbKLQ4Rq22DRu0Kkyc,2021-04-23,21,76,52,22,18,-1
BF,Burkina Faso,,,,,,ChIJm3Cm1SbKLQ4Rq22DRu0Kkyc,2021-04-24,16,69,65,19,14,-1
BF,Burkina Faso,,,,,,ChIJm3Cm1SbKLQ4Rq22DRu0Kkyc,2021-04-25,19,62,57,23,0,0
BF,Burkina Faso,,,,,,ChIJm3Cm1SbKLQ4Rq22DRu0Kkyc,2021-04-26,19,77,55,27,13,-1
BF,Burkina Faso,,,,,,ChIJm3Cm1SbKLQ4Rq22DRu0Kkyc,2021-04-27,18,80,52,26,14,-1
BF,Burkina Faso,,,,,,ChIJm3Cm1SbKLQ4Rq22DRu0Kkyc,2021-04-28,13,74,54,23,10,0
BF,Burkina Faso,,,,,,ChIJm3Cm1SbKLQ4Rq22DRu0Kkyc,2021-04-29,20,74,49,26,14,0
BF,Burkina Faso,,,,,,ChIJm3Cm1SbKLQ4Rq22DRu0Kkyc,2021-04-30,19,75,50,24,14,-4
BF,Burkina Faso,,,,,,ChIJm3Cm1SbKLQ4Rq22DRu0Kkyc,2021-05-01,12,65,56,15,-4,2
BF,Burkina Faso,,,,,,ChIJm3Cm1SbKLQ4Rq22DRu0Kkyc,2021-05-02,19,67,57,26,1,0
BF,Burkina Faso,,,,,,ChIJm3Cm1SbKLQ4Rq22DRu0Kkyc,2021-05-03,23,88,62,29,12,-1
BF,Burkina Faso,,,,,,ChIJm3Cm1SbKLQ4Rq22DRu0Kkyc,2021-05-04,18,87,55,29,14,-1
BF,Burkina Faso,,,,,,ChIJm3Cm1SbKLQ4Rq22DRu0Kkyc,2021-05-05,21,87,61,26,11,-1
BF,Burkina Faso,,,,,,ChIJm3Cm1SbKLQ4Rq22DRu0Kkyc,2021-05-06,17,75,46,27,14,0
BF,Burkina Faso,,,,,,ChIJm3Cm1SbKLQ4Rq22DRu0Kkyc,2021-05-07,24,85,61,26,19,-2
BF,Burkina Faso,,,,,,ChIJm3Cm1SbKLQ4Rq22DRu0Kkyc,2021-05-08,20,78,67,21,15,-2
BF,Burkina Faso,,,,,,ChIJm3Cm1SbKLQ4Rq22DRu0Kkyc,2021-05-09,21,75,58,32,6,0
BF,Burkina Faso,,,,,,ChIJm3Cm1SbKLQ4Rq22DRu0Kkyc,2021-05-10,29,102,68,38,17,-3
BF,Burkina Faso,,,,,,ChIJm3Cm1SbKLQ4Rq22DRu0Kkyc,2021-05-11,27,110,74,51,17,-3
BF,Burkina Faso,,,,,,ChIJm3Cm1SbKLQ4Rq22DRu0Kkyc,2021-05-12,33,121,78,38,6,-1
BF,Burkina Faso,,,,,,ChIJm3Cm1SbKLQ4Rq22DRu0Kkyc,2021-05-13,16,59,59,-6,-73,7
BF,Burkina Faso,,,,,,ChIJm3Cm1SbKLQ4Rq22DRu0Kkyc,2021-05-14,31,84,53,20,7,-1
BF,Burkina Faso,,,,,,ChIJm3Cm1SbKLQ4Rq22DRu0Kkyc,2021-05-15,31,85,79,29,10,-1
BF,Burkina Faso,,,,,,ChIJm3Cm1SbKLQ4Rq22DRu0Kkyc,2021-05-16,36,75,66,41,1,-2
BF,Burkina Faso,,,,,,ChIJm3Cm1SbKLQ4Rq22DRu0Kkyc,2021-05-17,34,105,76,36,16,-4
BF,Burkina Faso,,,,,,ChIJm3Cm1SbKLQ4Rq22DRu0Kkyc,2021-05-18,30,100,69,35,17,-3
BF,Burkina Faso,,,,,,ChIJm3Cm1SbKLQ4Rq22DRu0Kkyc,2021-05-19,29,101,74,30,12,-2
BF,Burkina Faso,,,,,,ChIJm3Cm1SbKLQ4Rq22DRu0Kkyc,2021-05-20,35,97,63,32,15,-3
BF,Burkina Faso,,,,,,ChIJm3Cm1SbKLQ4Rq22DRu0Kkyc,2021-05-21,44,109,78,39,21,-6
BF,Burkina Faso,,,,,,ChIJm3Cm1SbKLQ4Rq22DRu0Kkyc,2021-05-22,40,104,96,38,13,-7
BF,Burkina Faso,,,,,,ChIJm3Cm1SbKLQ4Rq22DRu0Kkyc,2021-05-23,42,88,94,44,-4,-9
BF,Burkina Faso,,,,,,ChIJm3Cm1SbKLQ4Rq22DRu0Kkyc,2021-05-24,32,101,70,37,10,-5
BF,Burkina Faso,,,,,,ChIJm3Cm1SbKLQ4Rq22DRu0Kkyc,2021-05-25,41,113,90,43,15,-6
BF,Burkina Faso,,,,,,ChIJm3Cm1SbKLQ4Rq22DRu0Kkyc,2021-05-26,42,115,90,44,13,-7
BF,Burkina Faso,,,,,,ChIJm3Cm1SbKLQ4Rq22DRu0Kkyc,2021-05-27,49,115,85,47,18,-6
BF,Burkina Faso,,,,,,ChIJm3Cm1SbKLQ4Rq22DRu0Kkyc,2021-05-28,50,121,97,45,23,-8
BF,Burkina Faso,,,,,,ChIJm3Cm1SbKLQ4Rq22DRu0Kkyc,2021-05-29,51,112,117,44,13,-9
BF,Burkina Faso,,,,,,ChIJm3Cm1SbKLQ4Rq22DRu0Kkyc,2021-05-30,45,92,96,46,-3,-9
BF,Burkina Faso,,,,,,ChIJm3Cm1SbKLQ4Rq22DRu0Kkyc,2021-05-31,52,121,96,50,17,-8
BF,Burkina Faso,,,,,,ChIJm3Cm1SbKLQ4Rq22DRu0Kkyc,2021-06-01,48,119,100,46,17,-8
BF,Burkina Faso,,,,,,ChIJm3Cm1SbKLQ4Rq22DRu0Kkyc,2021-06-02,49,121,107,45,14,-7
BF,Burkina Faso,,,,,,ChIJm3Cm1SbKLQ4Rq22DRu0Kkyc,2021-06-03,50,114,92,45,19,-5
BF,Burkina Faso,,,,,,ChIJm3Cm1SbKLQ4Rq22DRu0Kkyc,2021-06-04,54,118,107,47,26,-8
BF,Burkina Faso,,,,,,ChIJm3Cm1SbKLQ4Rq22DRu0Kkyc,2021-06-05,45,109,110,40,16,-7
BF,Burkina Faso,,,,,,ChIJm3Cm1SbKLQ4Rq22DRu0Kkyc,2021-06-06,38,84,97,40,-1,-5
BF,Burkina Faso,,,,,,ChIJm3Cm1SbKLQ4Rq22DRu0Kkyc,2021-06-07,46,119,102,50,16,-8
BF,Burkina Faso,,,,,,ChIJm3Cm1SbKLQ4Rq22DRu0Kkyc,2021-06-08,36,108,90,41,18,-4
BF,Burkina Faso,,,,,,ChIJm3Cm1SbKLQ4Rq22DRu0Kkyc,2021-06-09,47,123,107,46,14,-7
BF,Burkina Faso,,,,,,ChIJm3Cm1SbKLQ4Rq22DRu0Kkyc,2021-06-10,38,100,78,43,19,-4
BF,Burkina Faso,,,,,,ChIJm3Cm1SbKLQ4Rq22DRu0Kkyc,2021-06-11,51,120,109,48,23,-6
BF,Burkina Faso,,,,,,ChIJm3Cm1SbKLQ4Rq22DRu0Kkyc,2021-06-12,46,108,112,39,16,-7
BF,Burkina Faso,,,,,,ChIJm3Cm1SbKLQ4Rq22DRu0Kkyc,2021-06-13,48,81,95,44,0,-5
BF,Burkina Faso,,,,,,ChIJm3Cm1SbKLQ4Rq22DRu0Kkyc,2021-06-14,49,119,101,48,16,-7
BF,Burkina Faso,,,,,,ChIJm3Cm1SbKLQ4Rq22DRu0Kkyc,2021-06-15,46,116,99,47,18,-6
BF,Burkina Faso,,,,,,ChIJm3Cm1SbKLQ4Rq22DRu0Kkyc,2021-06-16,42,115,98,41,10,-5
BF,Burkina Faso,,,,,,ChIJm3Cm1SbKLQ4Rq22DRu0Kkyc,2021-06-17,48,112,88,43,17,-6
BF,Burkina Faso,,,,,,ChIJm3Cm1SbKLQ4Rq22DRu0Kkyc,2021-06-18,49,113,105,43,21,-7
BF,Burkina Faso,,,,,,ChIJm3Cm1SbKLQ4Rq22DRu0Kkyc,2021-06-19,29,79,91,26,1,0
BF,Burkina Faso,,,,,,ChIJm3Cm1SbKLQ4Rq22DRu0Kkyc,2021-06-20,43,79,94,40,1,-7
BF,Burkina Faso,,,,,,ChIJm3Cm1SbKLQ4Rq22DRu0Kkyc,2021-06-21,30,97,86,36,8,-5
BF,Burkina Faso,,,,,,ChIJm3Cm1SbKLQ4Rq22DRu0Kkyc,2021-06-22,41,113,94,38,11,-7
BF,Burkina Faso,,,,,,ChIJm3Cm1SbKLQ4Rq22DRu0Kkyc,2021-06-23,38,108,103,37,8,-7
BF,Burkina Faso,,,,,,ChIJm3Cm1SbKLQ4Rq22DRu0Kkyc,2021-06-24,50,113,93,48,12,-7
BF,Burkina Faso,,,,,,ChIJm3Cm1SbKLQ4Rq22DRu0Kkyc,2021-06-25,47,111,95,37,13,-4
BF,Burkina Faso,Boucle du Mouhoun Region,,,BF-01,,ChIJ7yOi7H86MQ4RGtjZ6GP0AXI,2021-01-01,,,,,-56,
BF,Burkina Faso,Boucle du Mouhoun Region,,,BF-01,,ChIJ7yOi7H86MQ4RGtjZ6GP0AXI,2021-01-04,,,,,-45,
BF,Burkina Faso,Boucle du Mouhoun Region,,,BF-01,,ChIJ7yOi7H86MQ4RGtjZ6GP0AXI,2021-02-15,,,,,-34,
BF,Burkina Faso,Boucle du Mouhoun Region,,,BF-01,,ChIJ7yOi7H86MQ4RGtjZ6GP0AXI,2021-02-17,,,,,-34,
BF,Burkina Faso,Boucle du Mouhoun Region,,,BF-01,,ChIJ7yOi7H86MQ4RGtjZ6GP0AXI,2021-02-23,,,,,-37,
BF,Burkina Faso,Boucle du Mouhoun Region,,,BF-01,,ChIJ7yOi7H86MQ4RGtjZ6GP0AXI,2021-03-03,,,,,-39,
BF,Burkina Faso,Boucle du Mouhoun Region,,,BF-01,,ChIJ7yOi7H86MQ4RGtjZ6GP0AXI,2021-03-04,,,,,-36,
BF,Burkina Faso,Boucle du Mouhoun Region,,,BF-01,,ChIJ7yOi7H86MQ4RGtjZ6GP0AXI,2021-03-08,,,,,-50,
BF,Burkina Faso,Boucle du Mouhoun Region,,,BF-01,,ChIJ7yOi7H86MQ4RGtjZ6GP0AXI,2021-03-10,,,,,-34,
BF,Burkina Faso,Boucle du Mouhoun Region,,,BF-01,,ChIJ7yOi7H86MQ4RGtjZ6GP0AXI,2021-03-18,,,,,-35,
BF,Burkina Faso,Boucle du Mouhoun Region,,,BF-01,,ChIJ7yOi7H86MQ4RGtjZ6GP0AXI,2021-04-05,,,,,-52,
BF,Burkina Faso,Boucle du Mouhoun Region,,,BF-01,,ChIJ7yOi7H86MQ4RGtjZ6GP0AXI,2021-04-07,,,,,-36,
BF,Burkina Faso,Boucle du Mouhoun Region,,,BF-01,,ChIJ7yOi7H86MQ4RGtjZ6GP0AXI,2021-04-08,,,,,-41,
BF,Burkina Faso,Boucle du Mouhoun Region,,,BF-01,,ChIJ7yOi7H86MQ4RGtjZ6GP0AXI,2021-04-28,,,,,-34,
BF,Burkina Faso,Boucle du Mouhoun Region,,,BF-01,,ChIJ7yOi7H86MQ4RGtjZ6GP0AXI,2021-05-13,,,,,-69,
BF,Burkina Faso,Boucle du Mouhoun Region,,,BF-01,,ChIJ7yOi7H86MQ4RGtjZ6GP0AXI,2021-05-24,,,,,-35,
BF,Burkina Faso,Centre Region,,,BF-03,,ChIJ0yX8w7q-Lg4RZOb7BimB9qo,2021-01-01,5,52,,-13,-72,18
BF,Burkina Faso,Centre Region,,,BF-03,,ChIJ0yX8w7q-Lg4RZOb7BimB9qo,2021-01-02,7,64,,12,-16,13
BF,Burkina Faso,Centre Region,,,BF-03,,ChIJ0yX8w7q-Lg4RZOb7BimB9qo,2021-01-03,23,73,,36,3,3
BF,Burkina Faso,Centre Region,,,BF-03,,ChIJ0yX8w7q-Lg4RZOb7BimB9qo,2021-01-04,7,77,,31,-46,16
BF,Burkina Faso,Centre Region,,,BF-03,,ChIJ0yX8w7q-Lg4RZOb7BimB9qo,2021-01-05,17,89,,30,15,4
BF,Burkina Faso,Centre Region,,,BF-03,,ChIJ0yX8w7q-Lg4RZOb7BimB9qo,2021-01-06,16,82,,22,14,7
BF,Burkina Faso,Centre Region,,,BF-03,,ChIJ0yX8w7q-Lg4RZOb7BimB9qo,2021-01-07,16,82,,28,14,6
BF,Burkina Faso,Centre Region,,,BF-03,,ChIJ0yX8w7q-Lg4RZOb7BimB9qo,2021-01-08,19,78,,19,17,4
BF,Burkina Faso,Centre Region,,,BF-03,,ChIJ0yX8w7q-Lg4RZOb7BimB9qo,2021-01-09,18,67,,18,16,3
BF,Burkina Faso,Centre Region,,,BF-03,,ChIJ0yX8w7q-Lg4RZOb7BimB9qo,2021-01-10,20,55,,20,9,3
BF,Burkina Faso,Centre Region,,,BF-03,,ChIJ0yX8w7q-Lg4RZOb7BimB9qo,2021-01-11,22,73,,22,15,4
BF,Burkina Faso,Centre Region,,,BF-03,,ChIJ0yX8w7q-Lg4RZOb7BimB9qo,2021-01-12,20,73,,21,14,3
BF,Burkina Faso,Centre Region,,,BF-03,,ChIJ0yX8w7q-Lg4RZOb7BimB9qo,2021-01-13,15,68,,12,11,3
BF,Burkina Faso,Centre Region,,,BF-03,,ChIJ0yX8w7q-Lg4RZOb7BimB9qo,2021-01-14,13,63,,18,8,3
BF,Burkina Faso,Centre Region,,,BF-03,,ChIJ0yX8w7q-Lg4RZOb7BimB9qo,2021-01-15,13,60,,8,9,2
BF,Burkina Faso,Centre Region,,,BF-03,,ChIJ0yX8w7q-Lg4RZOb7BimB9qo,2021-01-16,9,48,,1,4,3
BF,Burkina Faso,Centre Region,,,BF-03,,ChIJ0yX8w7q-Lg4RZOb7BimB9qo,2021-01-17,13,47,65,10,1,4
BF,Burkina Faso,Centre Region,,,BF-03,,ChIJ0yX8w7q-Lg4RZOb7BimB9qo,2021-01-18,13,63,,12,6,4
BF,Burkina Faso,Centre Region,,,BF-03,,ChIJ0yX8w7q-Lg4RZOb7BimB9qo,2021-01-19,12,59,,12,7,3
BF,Burkina Faso,Centre Region,,,BF-03,,ChIJ0yX8w7q-Lg4RZOb7BimB9qo,2021-01-20,11,59,,6,8,5
BF,Burkina Faso,Centre Region,,,BF-03,,ChIJ0yX8w7q-Lg4RZOb7BimB9qo,2021-01-21,11,61,62,14,8,4
BF,Burkina Faso,Centre Region,,,BF-03,,ChIJ0yX8w7q-Lg4RZOb7BimB9qo,2021-01-22,15,63,,8,12,4
BF,Burkina Faso,Centre Region,,,BF-03,,ChIJ0yX8w7q-Lg4RZOb7BimB9qo,2021-01-23,15,56,,5,10,4
BF,Burkina Faso,Centre Region,,,BF-03,,ChIJ0yX8w7q-Lg4RZOb7BimB9qo,2021-01-24,15,47,,10,5,4
BF,Burkina Faso,Centre Region,,,BF-03,,ChIJ0yX8w7q-Lg4RZOb7BimB9qo,2021-01-25,17,69,,14,12,4
BF,Burkina Faso,Centre Region,,,BF-03,,ChIJ0yX8w7q-Lg4RZOb7BimB9qo,2021-01-26,18,69,,15,13,4
BF,Burkina Faso,Centre Region,,,BF-03,,ChIJ0yX8w7q-Lg4RZOb7BimB9qo,2021-01-27,17,67,,9,13,5
BF,Burkina Faso,Centre Region,,,BF-03,,ChIJ0yX8w7q-Lg4RZOb7BimB9qo,2021-01-28,18,68,,19,12,3
BF,Burkina Faso,Centre Region,,,BF-03,,ChIJ0yX8w7q-Lg4RZOb7BimB9qo,2021-01-29,22,79,,12,13,-1
BF,Burkina Faso,Centre Region,,,BF-03,,ChIJ0yX8w7q-Lg4RZOb7BimB9qo,2021-01-30,19,72,,12,8,-3
BF,Burkina Faso,Centre Region,,,BF-03,,ChIJ0yX8w7q-Lg4RZOb7BimB9qo,2021-01-31,19,68,,16,1,-3
BF,Burkina Faso,Centre Region,,,BF-03,,ChIJ0yX8w7q-Lg4RZOb7BimB9qo,2021-02-01,16,83,,14,11,-1
BF,Burkina Faso,Centre Region,,,BF-03,,ChIJ0yX8w7q-Lg4RZOb7BimB9qo,2021-02-02,18,86,,12,14,-2
BF,Burkina Faso,Centre Region,,,BF-03,,ChIJ0yX8w7q-Lg4RZOb7BimB9qo,2021-02-03,15,81,,1,9,0
BF,Burkina Faso,Centre Region,,,BF-03,,ChIJ0yX8w7q-Lg4RZOb7BimB9qo,2021-02-04,12,80,,10,8,-2
BF,Burkina Faso,Centre Region,,,BF-03,,ChIJ0yX8w7q-Lg4RZOb7BimB9qo,2021-02-05,18,79,,9,10,-3
BF,Burkina Faso,Centre Region,,,BF-03,,ChIJ0yX8w7q-Lg4RZOb7BimB9qo,2021-02-06,15,68,,9,6,-2
BF,Burkina Faso,Centre Region,,,BF-03,,ChIJ0yX8w7q-Lg4RZOb7BimB9qo,2021-02-07,13,64,,11,-5,-1
BF,Burkina Faso,Centre Region,,,BF-03,,ChIJ0yX8w7q-Lg4RZOb7BimB9qo,2021-02-08,15,82,,11,7,-1
BF,Burkina Faso,Centre Region,,,BF-03,,ChIJ0yX8w7q-Lg4RZOb7BimB9qo,2021-02-09,18,86,,15,11,-2
BF,Burkina Faso,Centre Region,,,BF-03,,ChIJ0yX8w7q-Lg4RZOb7BimB9qo,2021-02-10,14,80,,7,10,-1
BF,Burkina Faso,Centre Region,,,BF-03,,ChIJ0yX8w7q-Lg4RZOb7BimB9qo,2021-02-11,16,73,,17,10,-2
BF,Burkina Faso,Centre Region,,,BF-03,,ChIJ0yX8w7q-Lg4RZOb7BimB9qo,2021-02-12,19,73,,5,12,-3
BF,Burkina Faso,Centre Region,,,BF-03,,ChIJ0yX8w7q-Lg4RZOb7BimB9qo,2021-02-13,20,59,,4,8,-3
BF,Burkina Faso,Centre Region,,,BF-03,,ChIJ0yX8w7q-Lg4RZOb7BimB9qo,2021-02-14,29,60,,5,-3,-4
BF,Burkina Faso,Centre Region,,,BF-03,,ChIJ0yX8w7q-Lg4RZOb7BimB9qo,2021-02-15,17,74,,3,7,-3
BF,Burkina Faso,Centre Region,,,BF-03,,ChIJ0yX8w7q-Lg4RZOb7BimB9qo,2021-02-16,18,72,,1,9,-2
BF,Burkina Faso,Centre Region,,,BF-03,,ChIJ0yX8w7q-Lg4RZOb7BimB9qo,2021-02-17,11,67,,-1,8,-3
BF,Burkina Faso,Centre Region,,,BF-03,,ChIJ0yX8w7q-Lg4RZOb7BimB9qo,2021-02-18,13,71,,2,9,-1
BF,Burkina Faso,Centre Region,,,BF-03,,ChIJ0yX8w7q-Lg4RZOb7BimB9qo,2021-02-19,14,70,,2,12,-2
BF,Burkina Faso,Centre Region,,,BF-03,,ChIJ0yX8w7q-Lg4RZOb7BimB9qo,2021-02-20,17,63,,-5,10,-1
BF,Burkina Faso,Centre Region,,,BF-03,,ChIJ0yX8w7q-Lg4RZOb7BimB9qo,2021-02-21,17,54,,-3,-3,-2
BF,Burkina Faso,Centre Region,,,BF-03,,ChIJ0yX8w7q-Lg4RZOb7BimB9qo,2021-02-22,17,77,,1,10,-1
BF,Burkina Faso,Centre Region,,,BF-03,,ChIJ0yX8w7q-Lg4RZOb7BimB9qo,2021-02-23,20,78,,6,12,-2
BF,Burkina Faso,Centre Region,,,BF-03,,ChIJ0yX8w7q-Lg4RZOb7BimB9qo,2021-02-24,18,73,,3,10,-1
BF,Burkina Faso,Centre Region,,,BF-03,,ChIJ0yX8w7q-Lg4RZOb7BimB9qo,2021-02-25,17,76,,9,11,-2
BF,Burkina Faso,Centre Region,,,BF-03,,ChIJ0yX8w7q-Lg4RZOb7BimB9qo,2021-02-26,18,74,,7,14,-3
BF,Burkina Faso,Centre Region,,,BF-03,,ChIJ0yX8w7q-Lg4RZOb7BimB9qo,2021-02-27,24,71,,6,13,-3
BF,Burkina Faso,Centre Region,,,BF-03,,ChIJ0yX8w7q-Lg4RZOb7BimB9qo,2021-02-28,25,62,,9,-2,-4
BF,Burkina Faso,Centre Region,,,BF-03,,ChIJ0yX8w7q-Lg4RZOb7BimB9qo,2021-03-01,24,83,,10,12,-3
BF,Burkina Faso,Centre Region,,,BF-03,,ChIJ0yX8w7q-Lg4RZOb7BimB9qo,2021-03-02,23,81,,7,13,-4
BF,Burkina Faso,Centre Region,,,BF-03,,ChIJ0yX8w7q-Lg4RZOb7BimB9qo,2021-03-03,21,76,,3,12,-2
BF,Burkina Faso,Centre Region,,,BF-03,,ChIJ0yX8w7q-Lg4RZOb7BimB9qo,2021-03-04,19,76,,9,13,-2
BF,Burkina Faso,Centre Region,,,BF-03,,ChIJ0yX8w7q-Lg4RZOb7BimB9qo,2021-03-05,24,80,,9,15,-4
BF,Burkina Faso,Centre Region,,,BF-03,,ChIJ0yX8w7q-Lg4RZOb7BimB9qo,2021-03-06,27,69,,2,10,-4
BF,Burkina Faso,Centre Region,,,BF-03,,ChIJ0yX8w7q-Lg4RZOb7BimB9qo,2021-03-07,33,64,,6,-3,-5
BF,Burkina Faso,Centre Region,,,BF-03,,ChIJ0yX8w7q-Lg4RZOb7BimB9qo,2021-03-08,25,65,,2,-52,8
BF,Burkina Faso,Centre Region,,,BF-03,,ChIJ0yX8w7q-Lg4RZOb7BimB9qo,2021-03-09,22,81,,9,15,-5
BF,Burkina Faso,Centre Region,,,BF-03,,ChIJ0yX8w7q-Lg4RZOb7BimB9qo,2021-03-10,19,81,,3,12,-3
BF,Burkina Faso,Centre Region,,,BF-03,,ChIJ0yX8w7q-Lg4RZOb7BimB9qo,2021-03-11,19,77,,5,13,-2
BF,Burkina Faso,Centre Region,,,BF-03,,ChIJ0yX8w7q-Lg4RZOb7BimB9qo,2021-03-12,20,78,,2,15,-3
BF,Burkina Faso,Centre Region,,,BF-03,,ChIJ0yX8w7q-Lg4RZOb7BimB9qo,2021-03-13,26,72,,-1,15,-3
BF,Burkina Faso,Centre Region,,,BF-03,,ChIJ0yX8w7q-Lg4RZOb7BimB9qo,2021-03-14,23,61,,3,-1,-3
BF,Burkina Faso,Centre Region,,,BF-03,,ChIJ0yX8w7q-Lg4RZOb7BimB9qo,2021-03-15,22,88,,8,13,-2
BF,Burkina Faso,Centre Region,,,BF-03,,ChIJ0yX8w7q-Lg4RZOb7BimB9qo,2021-03-16,22,86,,6,15,-3
BF,Burkina Faso,Centre Region,,,BF-03,,ChIJ0yX8w7q-Lg4RZOb7BimB9qo,2021-03-17,21,78,,4,14,-2
BF,Burkina Faso,Centre Region,,,BF-03,,ChIJ0yX8w7q-Lg4RZOb7BimB9qo,2021-03-18,20,80,,9,15,-1
BF,Burkina Faso,Centre Region,,,BF-03,,ChIJ0yX8w7q-Lg4RZOb7BimB9qo,2021-03-19,23,80,,4,17,-4
BF,Burkina Faso,Centre Region,,,BF-03,,ChIJ0yX8w7q-Lg4RZOb7BimB9qo,2021-03-20,27,70,,3,14,-4
BF,Burkina Faso,Centre Region,,,BF-03,,ChIJ0yX8w7q-Lg4RZOb7BimB9qo,2021-03-21,26,63,,5,0,-3
BF,Burkina Faso,Centre Region,,,BF-03,,ChIJ0yX8w7q-Lg4RZOb7BimB9qo,2021-03-22,22,83,,6,14,-3
BF,Burkina Faso,Centre Region,,,BF-03,,ChIJ0yX8w7q-Lg4RZOb7BimB9qo,2021-03-23,23,83,,8,15,-3
BF,Burkina Faso,Centre Region,,,BF-03,,ChIJ0yX8w7q-Lg4RZOb7BimB9qo,2021-03-24,23,85,,6,13,-2
BF,Burkina Faso,Centre Region,,,BF-03,,ChIJ0yX8w7q-Lg4RZOb7BimB9qo,2021-03-25,23,83,,13,14,-3
BF,Burkina Faso,Centre Region,,,BF-03,,ChIJ0yX8w7q-Lg4RZOb7BimB9qo,2021-03-26,26,87,,11,15,-4
BF,Burkina Faso,Centre Region,,,BF-03,,ChIJ0yX8w7q-Lg4RZOb7BimB9qo,2021-03-27,28,78,,3,8,-5
BF,Burkina Faso,Centre Region,,,BF-03,,ChIJ0yX8w7q-Lg4RZOb7BimB9qo,2021-03-28,28,66,,12,-1,-5
BF,Burkina Faso,Centre Region,,,BF-03,,ChIJ0yX8w7q-Lg4RZOb7BimB9qo,2021-03-29,28,95,,14,13,-3
BF,Burkina Faso,Centre Region,,,BF-03,,ChIJ0yX8w7q-Lg4RZOb7BimB9qo,2021-03-30,26,95,,13,16,-3
BF,Burkina Faso,Centre Region,,,BF-03,,ChIJ0yX8w7q-Lg4RZOb7BimB9qo,2021-03-31,26,95,,10,12,-2
BF,Burkina Faso,Centre Region,,,BF-03,,ChIJ0yX8w7q-Lg4RZOb7BimB9qo,2021-04-01,28,89,,27,14,-3
BF,Burkina Faso,Centre Region,,,BF-03,,ChIJ0yX8w7q-Lg4RZOb7BimB9qo,2021-04-02,33,96,,28,15,-4
BF,Burkina Faso,Centre Region,,,BF-03,,ChIJ0yX8w7q-Lg4RZOb7BimB9qo,2021-04-03,34,96,,29,3,-3
BF,Burkina Faso,Centre Region,,,BF-03,,ChIJ0yX8w7q-Lg4RZOb7BimB9qo,2021-04-04,33,73,,6,-14,-4
BF,Burkina Faso,Centre Region,,,BF-03,,ChIJ0yX8w7q-Lg4RZOb7BimB9qo,2021-04-05,24,82,,14,-50,10
BF,Burkina Faso,Centre Region,,,BF-03,,ChIJ0yX8w7q-Lg4RZOb7BimB9qo,2021-04-06,33,96,,24,8,-1
BF,Burkina Faso,Centre Region,,,BF-03,,ChIJ0yX8w7q-Lg4RZOb7BimB9qo,2021-04-07,30,98,,16,4,0
BF,Burkina Faso,Centre Region,,,BF-03,,ChIJ0yX8w7q-Lg4RZOb7BimB9qo,2021-04-08,29,95,,27,5,0
BF,Burkina Faso,Centre Region,,,BF-03,,ChIJ0yX8w7q-Lg4RZOb7BimB9qo,2021-04-09,35,92,,21,7,-1
BF,Burkina Faso,Centre Region,,,BF-03,,ChIJ0yX8w7q-Lg4RZOb7BimB9qo,2021-04-10,33,77,,14,1,-3
BF,Burkina Faso,Centre Region,,,BF-03,,ChIJ0yX8w7q-Lg4RZOb7BimB9qo,2021-04-11,33,71,,29,1,-4
BF,Burkina Faso,Centre Region,,,BF-03,,ChIJ0yX8w7q-Lg4RZOb7BimB9qo,2021-04-12,26,92,,21,14,-4
BF,Burkina Faso,Centre Region,,,BF-03,,ChIJ0yX8w7q-Lg4RZOb7BimB9qo,2021-04-13,14,76,,7,16,-1
BF,Burkina Faso,Centre Region,,,BF-03,,ChIJ0yX8w7q-Lg4RZOb7BimB9qo,2021-04-14,14,75,,4,13,-1
BF,Burkina Faso,Centre Region,,,BF-03,,ChIJ0yX8w7q-Lg4RZOb7BimB9qo,2021-04-15,15,76,,10,17,-1
BF,Burkina Faso,Centre Region,,,BF-03,,ChIJ0yX8w7q-Lg4RZOb7BimB9qo,2021-04-16,19,75,,9,19,-2
BF,Burkina Faso,Centre Region,,,BF-03,,ChIJ0yX8w7q-Lg4RZOb7BimB9qo,2021-04-17,18,66,,-1,14,1
BF,Burkina Faso,Centre Region,,,BF-03,,ChIJ0yX8w7q-Lg4RZOb7BimB9qo,2021-04-18,14,59,,2,6,3
BF,Burkina Faso,Centre Region,,,BF-03,,ChIJ0yX8w7q-Lg4RZOb7BimB9qo,2021-04-19,20,80,,9,17,0
BF,Burkina Faso,Centre Region,,,BF-03,,ChIJ0yX8w7q-Lg4RZOb7BimB9qo,2021-04-20,18,83,,5,17,-1
BF,Burkina Faso,Centre Region,,,BF-03,,ChIJ0yX8w7q-Lg4RZOb7BimB9qo,2021-04-21,18,75,,3,15,0
BF,Burkina Faso,Centre Region,,,BF-03,,ChIJ0yX8w7q-Lg4RZOb7BimB9qo,2021-04-22,19,77,,11,18,0
BF,Burkina Faso,Centre Region,,,BF-03,,ChIJ0yX8w7q-Lg4RZOb7BimB9qo,2021-04-23,23,81,,5,20,-1
BF,Burkina Faso,Centre Region,,,BF-03,,ChIJ0yX8w7q-Lg4RZOb7BimB9qo,2021-04-24,22,71,,2,19,-1
BF,Burkina Faso,Centre Region,,,BF-03,,ChIJ0yX8w7q-Lg4RZOb7BimB9qo,2021-04-25,23,67,,2,6,0
BF,Burkina Faso,Centre Region,,,BF-03,,ChIJ0yX8w7q-Lg4RZOb7BimB9qo,2021-04-26,23,84,,10,16,-1
BF,Burkina Faso,Centre Region,,,BF-03,,ChIJ0yX8w7q-Lg4RZOb7BimB9qo,2021-04-27,22,86,,8,18,-1
BF,Burkina Faso,Centre Region,,,BF-03,,ChIJ0yX8w7q-Lg4RZOb7BimB9qo,2021-04-28,18,82,,3,15,-1
BF,Burkina Faso,Centre Region,,,BF-03,,ChIJ0yX8w7q-Lg4RZOb7BimB9qo,2021-04-29,20,82,,9,17,0
BF,Burkina Faso,Centre Region,,,BF-03,,ChIJ0yX8w7q-Lg4RZOb7BimB9qo,2021-04-30,22,80,,7,16,-4
BF,Burkina Faso,Centre Region,,,BF-03,,ChIJ0yX8w7q-Lg4RZOb7BimB9qo,2021-05-01,17,69,,-3,-2,2
BF,Burkina Faso,Centre Region,,,BF-03,,ChIJ0yX8w7q-Lg4RZOb7BimB9qo,2021-05-02,23,73,,3,8,1
BF,Burkina Faso,Centre Region,,,BF-03,,ChIJ0yX8w7q-Lg4RZOb7BimB9qo,2021-05-03,26,98,,11,16,-1
BF,Burkina Faso,Centre Region,,,BF-03,,ChIJ0yX8w7q-Lg4RZOb7BimB9qo,2021-05-04,23,93,,8,18,-1
BF,Burkina Faso,Centre Region,,,BF-03,,ChIJ0yX8w7q-Lg4RZOb7BimB9qo,2021-05-05,28,94,,7,16,-2
BF,Burkina Faso,Centre Region,,,BF-03,,ChIJ0yX8w7q-Lg4RZOb7BimB9qo,2021-05-06,19,84,,11,17,0
BF,Burkina Faso,Centre Region,,,BF-03,,ChIJ0yX8w7q-Lg4RZOb7BimB9qo,2021-05-07,30,92,,8,21,-2
BF,Burkina Faso,Centre Region,,,BF-03,,ChIJ0yX8w7q-Lg4RZOb7BimB9qo,2021-05-08,29,83,,3,20,-2
BF,Burkina Faso,Centre Region,,,BF-03,,ChIJ0yX8w7q-Lg4RZOb7BimB9qo,2021-05-09,27,83,,6,13,0
BF,Burkina Faso,Centre Region,,,BF-03,,ChIJ0yX8w7q-Lg4RZOb7BimB9qo,2021-05-10,37,111,,19,20,-3
BF,Burkina Faso,Centre Region,,,BF-03,,ChIJ0yX8w7q-Lg4RZOb7BimB9qo,2021-05-11,37,118,,30,22,-3
BF,Burkina Faso,Centre Region,,,BF-03,,ChIJ0yX8w7q-Lg4RZOb7BimB9qo,2021-05-12,45,128,,16,11,0
BF,Burkina Faso,Centre Region,,,BF-03,,ChIJ0yX8w7q-Lg4RZOb7BimB9qo,2021-05-13,19,68,,-20,-77,9
BF,Burkina Faso,Centre Region,,,BF-03,,ChIJ0yX8w7q-Lg4RZOb7BimB9qo,2021-05-14,37,96,,6,12,0
BF,Burkina Faso,Centre Region,,,BF-03,,ChIJ0yX8w7q-Lg4RZOb7BimB9qo,2021-05-15,40,86,,11,14,-1
BF,Burkina Faso,Centre Region,,,BF-03,,ChIJ0yX8w7q-Lg4RZOb7BimB9qo,2021-05-16,42,81,,17,6,-2
BF,Burkina Faso,Centre Region,,,BF-03,,ChIJ0yX8w7q-Lg4RZOb7BimB9qo,2021-05-17,40,110,,15,20,-3
BF,Burkina Faso,Centre Region,,,BF-03,,ChIJ0yX8w7q-Lg4RZOb7BimB9qo,2021-05-18,34,105,,17,19,-3
BF,Burkina Faso,Centre Region,,,BF-03,,ChIJ0yX8w7q-Lg4RZOb7BimB9qo,2021-05-19,37,103,,11,16,-2
BF,Burkina Faso,Centre Region,,,BF-03,,ChIJ0yX8w7q-Lg4RZOb7BimB9qo,2021-05-20,38,107,,21,17,-3
BF,Burkina Faso,Centre Region,,,BF-03,,ChIJ0yX8w7q-Lg4RZOb7BimB9qo,2021-05-21,49,117,,25,20,-5
BF,Burkina Faso,Centre Region,,,BF-03,,ChIJ0yX8w7q-Lg4RZOb7BimB9qo,2021-05-22,50,110,,22,16,-6
BF,Burkina Faso,Centre Region,,,BF-03,,ChIJ0yX8w7q-Lg4RZOb7BimB9qo,2021-05-23,52,98,,25,-2,-9
BF,Burkina Faso,Centre Region,,,BF-03,,ChIJ0yX8w7q-Lg4RZOb7BimB9qo,2021-05-24,37,109,,24,14,-5
BF,Burkina Faso,Centre Region,,,BF-03,,ChIJ0yX8w7q-Lg4RZOb7BimB9qo,2021-05-25,48,123,,31,18,-6
BF,Burkina Faso,Centre Region,,,BF-03,,ChIJ0yX8w7q-Lg4RZOb7BimB9qo,2021-05-26,49,120,,28,15,-6
BF,Burkina Faso,Centre Region,,,BF-03,,ChIJ0yX8w7q-Lg4RZOb7BimB9qo,2021-05-27,52,124,,31,18,-6
BF,Burkina Faso,Centre Region,,,BF-03,,ChIJ0yX8w7q-Lg4RZOb7BimB9qo,2021-05-28,54,128,,29,21,-8
BF,Burkina Faso,Centre Region,,,BF-03,,ChIJ0yX8w7q-Lg4RZOb7BimB9qo,2021-05-29,58,114,,27,11,-8
BF,Burkina Faso,Centre Region,,,BF-03,,ChIJ0yX8w7q-Lg4RZOb7BimB9qo,2021-05-30,50,97,,23,-3,-8
BF,Burkina Faso,Centre Region,,,BF-03,,ChIJ0yX8w7q-Lg4RZOb7BimB9qo,2021-05-31,58,128,,33,18,-7
BF,Burkina Faso,Centre Region,,,BF-03,,ChIJ0yX8w7q-Lg4RZOb7BimB9qo,2021-06-01,56,126,,32,19,-8
BF,Burkina Faso,Centre Region,,,BF-03,,ChIJ0yX8w7q-Lg4RZOb7BimB9qo,2021-06-02,56,125,,27,16,-7
BF,Burkina Faso,Centre Region,,,BF-03,,ChIJ0yX8w7q-Lg4RZOb7BimB9qo,2021-06-03,55,124,,31,19,-5
BF,Burkina Faso,Centre Region,,,BF-03,,ChIJ0yX8w7q-Lg4RZOb7BimB9qo,2021-06-04,59,125,,33,24,-8
BF,Burkina Faso,Centre Region,,,BF-03,,ChIJ0yX8w7q-Lg4RZOb7BimB9qo,2021-06-05,56,112,,21,16,-7
BF,Burkina Faso,Centre Region,,,BF-03,,ChIJ0yX8w7q-Lg4RZOb7BimB9qo,2021-06-06,43,87,,17,1,-4
BF,Burkina Faso,Centre Region,,,BF-03,,ChIJ0yX8w7q-Lg4RZOb7BimB9qo,2021-06-07,51,124,,33,17,-8
BF,Burkina Faso,Centre Region,,,BF-03,,ChIJ0yX8w7q-Lg4RZOb7BimB9qo,2021-06-08,37,107,,23,20,-3
BF,Burkina Faso,Centre Region,,,BF-03,,ChIJ0yX8w7q-Lg4RZOb7BimB9qo,2021-06-09,56,132,,28,17,-6
BF,Burkina Faso,Centre Region,,,BF-03,,ChIJ0yX8w7q-Lg4RZOb7BimB9qo,2021-06-10,41,109,,31,20,-4
BF,Burkina Faso,Centre Region,,,BF-03,,ChIJ0yX8w7q-Lg4RZOb7BimB9qo,2021-06-11,56,127,,34,21,-5
BF,Burkina Faso,Centre Region,,,BF-03,,ChIJ0yX8w7q-Lg4RZOb7BimB9qo,2021-06-12,54,108,,24,16,-7
BF,Burkina Faso,Centre Region,,,BF-03,,ChIJ0yX8w7q-Lg4RZOb7BimB9qo,2021-06-13,55,84,,24,2,-4
BF,Burkina Faso,Centre Region,,,BF-03,,ChIJ0yX8w7q-Lg4RZOb7BimB9qo,2021-06-14,55,124,,31,18,-6
BF,Burkina Faso,Centre Region,,,BF-03,,ChIJ0yX8w7q-Lg4RZOb7BimB9qo,2021-06-15,53,120,,30,19,-6
BF,Burkina Faso,Centre Region,,,BF-03,,ChIJ0yX8w7q-Lg4RZOb7BimB9qo,2021-06-16,50,120,,20,12,-4
BF,Burkina Faso,Centre Region,,,BF-03,,ChIJ0yX8w7q-Lg4RZOb7BimB9qo,2021-06-17,52,120,,27,17,-6
BF,Burkina Faso,Centre Region,,,BF-03,,ChIJ0yX8w7q-Lg4RZOb7BimB9qo,2021-06-18,52,118,,28,19,-6
BF,Burkina Faso,Centre Region,,,BF-03,,ChIJ0yX8w7q-Lg4RZOb7BimB9qo,2021-06-19,34,74,,6,-3,3
BF,Burkina Faso,Centre Region,,,BF-03,,ChIJ0yX8w7q-Lg4RZOb7BimB9qo,2021-06-20,52,84,,22,2,-7
BF,Burkina Faso,Centre Region,,,BF-03,,ChIJ0yX8w7q-Lg4RZOb7BimB9qo,2021-06-21,34,102,,19,9,-3
BF,Burkina Faso,Centre Region,,,BF-03,,ChIJ0yX8w7q-Lg4RZOb7BimB9qo,2021-06-22,50,120,,26,12,-7
BF,Burkina Faso,Centre Region,,,BF-03,,ChIJ0yX8w7q-Lg4RZOb7BimB9qo,2021-06-23,45,114,,19,9,-6
BF,Burkina Faso,Centre Region,,,BF-03,,ChIJ0yX8w7q-Lg4RZOb7BimB9qo,2021-06-24,53,124,,35,12,-7
BF,Burkina Faso,Centre Region,,,BF-03,,ChIJ0yX8w7q-Lg4RZOb7BimB9qo,2021-06-25,49,117,,23,12,-3
BF,Burkina Faso,Centre-Est Region,,,BF-04,,ChIJtQR3Pj4NKg4R6vIf-cbz4vg,2021-01-01,,,,,-46,
BF,Burkina Faso,Centre-Est Region,,,BF-04,,ChIJtQR3Pj4NKg4R6vIf-cbz4vg,2021-01-04,,,,,-39,
BF,Burkina Faso,Centre-Est Region,,,BF-04,,ChIJtQR3Pj4NKg4R6vIf-cbz4vg,2021-01-05,,,,,-26,
BF,Burkina Faso,Centre-Est Region,,,BF-04,,ChIJtQR3Pj4NKg4R6vIf-cbz4vg,2021-01-06,,,,,-28,
BF,Burkina Faso,Centre-Est Region,,,BF-04,,ChIJtQR3Pj4NKg4R6vIf-cbz4vg,2021-01-07,,,,,-25,
BF,Burkina Faso,Centre-Est Region,,,BF-04,,ChIJtQR3Pj4NKg4R6vIf-cbz4vg,2021-01-08,,,,,-20,
BF,Burkina Faso,Centre-Est Region,,,BF-04,,ChIJtQR3Pj4NKg4R6vIf-cbz4vg,2021-01-11,,,,,-21,
BF,Burkina Faso,Centre-Est Region,,,BF-04,,ChIJtQR3Pj4NKg4R6vIf-cbz4vg,2021-01-12,,,,,-21,
BF,Burkina Faso,Centre-Est Region,,,BF-04,,ChIJtQR3Pj4NKg4R6vIf-cbz4vg,2021-01-13,,,,,-32,
BF,Burkina Faso,Centre-Est Region,,,BF-04,,ChIJtQR3Pj4NKg4R6vIf-cbz4vg,2021-01-14,,,,,-17,
BF,Burkina Faso,Centre-Est Region,,,BF-04,,ChIJtQR3Pj4NKg4R6vIf-cbz4vg,2021-01-15,,,,,-19,
BF,Burkina Faso,Centre-Est Region,,,BF-04,,ChIJtQR3Pj4NKg4R6vIf-cbz4vg,2021-01-16,,,,,-20,
BF,Burkina Faso,Centre-Est Region,,,BF-04,,ChIJtQR3Pj4NKg4R6vIf-cbz4vg,2021-01-18,,,,,-17,
BF,Burkina Faso,Centre-Est Region,,,BF-04,,ChIJtQR3Pj4NKg4R6vIf-cbz4vg,2021-01-19,,,,,-20,
BF,Burkina Faso,Centre-Est Region,,,BF-04,,ChIJtQR3Pj4NKg4R6vIf-cbz4vg,2021-01-20,,,,,-20,
BF,Burkina Faso,Centre-Est Region,,,BF-04,,ChIJtQR3Pj4NKg4R6vIf-cbz4vg,2021-01-21,,,,,-19,
BF,Burkina Faso,Centre-Est Region,,,BF-04,,ChIJtQR3Pj4NKg4R6vIf-cbz4vg,2021-01-22,,,,,-16,
BF,Burkina Faso,Centre-Est Region,,,BF-04,,ChIJtQR3Pj4NKg4R6vIf-cbz4vg,2021-01-25,,,,,-21,
BF,Burkina Faso,Centre-Est Region,,,BF-04,,ChIJtQR3Pj4NKg4R6vIf-cbz4vg,2021-01-26,,,,,-14,
BF,Burkina Faso,Centre-Est Region,,,BF-04,,ChIJtQR3Pj4NKg4R6vIf-cbz4vg,2021-01-27,,,,,-16,
BF,Burkina Faso,Centre-Est Region,,,BF-04,,ChIJtQR3Pj4NKg4R6vIf-cbz4vg,2021-01-28,,,,,-18,
BF,Burkina Faso,Centre-Est Region,,,BF-04,,ChIJtQR3Pj4NKg4R6vIf-cbz4vg,2021-01-29,,,,,-25,
BF,Burkina Faso,Centre-Est Region,,,BF-04,,ChIJtQR3Pj4NKg4R6vIf-cbz4vg,2021-01-30,,,,,-30,
BF,Burkina Faso,Centre-Est Region,,,BF-04,,ChIJtQR3Pj4NKg4R6vIf-cbz4vg,2021-02-01,,,,,-28,
BF,Burkina Faso,Centre-Est Region,,,BF-04,,ChIJtQR3Pj4NKg4R6vIf-cbz4vg,2021-02-02,,,,,-25,
BF,Burkina Faso,Centre-Est Region,,,BF-04,,ChIJtQR3Pj4NKg4R6vIf-cbz4vg,2021-02-03,,,,,-32,
BF,Burkina Faso,Centre-Est Region,,,BF-04,,ChIJtQR3Pj4NKg4R6vIf-cbz4vg,2021-02-04,,,,,-28,
BF,Burkina Faso,Centre-Est Region,,,BF-04,,ChIJtQR3Pj4NKg4R6vIf-cbz4vg,2021-02-05,,,,,-28,
BF,Burkina Faso,Centre-Est Region,,,BF-04,,ChIJtQR3Pj4NKg4R6vIf-cbz4vg,2021-02-06,,,,,-29,
BF,Burkina Faso,Centre-Est Region,,,BF-04,,ChIJtQR3Pj4NKg4R6vIf-cbz4vg,2021-02-07,,,,,-41,
BF,Burkina Faso,Centre-Est Region,,,BF-04,,ChIJtQR3Pj4NKg4R6vIf-cbz4vg,2021-02-08,,,,,-36,
BF,Burkina Faso,Centre-Est Region,,,BF-04,,ChIJtQR3Pj4NKg4R6vIf-cbz4vg,2021-02-09,,,,,-28,
BF,Burkina Faso,Centre-Est Region,,,BF-04,,ChIJtQR3Pj4NKg4R6vIf-cbz4vg,2021-02-10,,,,,-34,
BF,Burkina Faso,Centre-Est Region,,,BF-04,,ChIJtQR3Pj4NKg4R6vIf-cbz4vg,2021-02-11,,,,,-28,
BF,Burkina Faso,Centre-Est Region,,,BF-04,,ChIJtQR3Pj4NKg4R6vIf-cbz4vg,2021-02-12,,,,,-34,
BF,Burkina Faso,Centre-Est Region,,,BF-04,,ChIJtQR3Pj4NKg4R6vIf-cbz4vg,2021-02-13,,,,,-37,
BF,Burkina Faso,Centre-Est Region,,,BF-04,,ChIJtQR3Pj4NKg4R6vIf-cbz4vg,2021-02-14,,,,,-41,
BF,Burkina Faso,Centre-Est Region,,,BF-04,,ChIJtQR3Pj4NKg4R6vIf-cbz4vg,2021-02-15,,,,,-37,
BF,Burkina Faso,Centre-Est Region,,,BF-04,,ChIJtQR3Pj4NKg4R6vIf-cbz4vg,2021-02-16,,,,,-35,
BF,Burkina Faso,Centre-Est Region,,,BF-04,,ChIJtQR3Pj4NKg4R6vIf-cbz4vg,2021-02-17,,,,,-37,
BF,Burkina Faso,Centre-Est Region,,,BF-04,,ChIJtQR3Pj4NKg4R6vIf-cbz4vg,2021-02-18,,,,,-35,
BF,Burkina Faso,Centre-Est Region,,,BF-04,,ChIJtQR3Pj4NKg4R6vIf-cbz4vg,2021-02-19,,,,,-38,
BF,Burkina Faso,Centre-Est Region,,,BF-04,,ChIJtQR3Pj4NKg4R6vIf-cbz4vg,2021-02-20,,,,,-38,
BF,Burkina Faso,Centre-Est Region,,,BF-04,,ChIJtQR3Pj4NKg4R6vIf-cbz4vg,2021-02-21,,,,,-41,
BF,Burkina Faso,Centre-Est Region,,,BF-04,,ChIJtQR3Pj4NKg4R6vIf-cbz4vg,2021-02-22,,,,,-35,
BF,Burkina Faso,Centre-Est Region,,,BF-04,,ChIJtQR3Pj4NKg4R6vIf-cbz4vg,2021-02-23,,,,,-30,
BF,Burkina Faso,Centre-Est Region,,,BF-04,,ChIJtQR3Pj4NKg4R6vIf-cbz4vg,2021-02-24,,,,,-36,
BF,Burkina Faso,Centre-Est Region,,,BF-04,,ChIJtQR3Pj4NKg4R6vIf-cbz4vg,2021-02-25,,,,,-37,
BF,Burkina Faso,Centre-Est Region,,,BF-04,,ChIJtQR3Pj4NKg4R6vIf-cbz4vg,2021-02-26,,,,,-33,
BF,Burkina Faso,Centre-Est Region,,,BF-04,,ChIJtQR3Pj4NKg4R6vIf-cbz4vg,2021-02-27,,,,,-34,
BF,Burkina Faso,Centre-Est Region,,,BF-04,,ChIJtQR3Pj4NKg4R6vIf-cbz4vg,2021-03-01,,,,,-38,
BF,Burkina Faso,Centre-Est Region,,,BF-04,,ChIJtQR3Pj4NKg4R6vIf-cbz4vg,2021-03-02,,,,,-39,
BF,Burkina Faso,Centre-Est Region,,,BF-04,,ChIJtQR3Pj4NKg4R6vIf-cbz4vg,2021-03-03,,,,,-40,
BF,Burkina Faso,Centre-Est Region,,,BF-04,,ChIJtQR3Pj4NKg4R6vIf-cbz4vg,2021-03-04,,,,,-37,
BF,Burkina Faso,Centre-Est Region,,,BF-04,,ChIJtQR3Pj4NKg4R6vIf-cbz4vg,2021-03-05,,,,,-37,
BF,Burkina Faso,Centre-Est Region,,,BF-04,,ChIJtQR3Pj4NKg4R6vIf-cbz4vg,2021-03-06,,,,,-37,
BF,Burkina Faso,Centre-Est Region,,,BF-04,,ChIJtQR3Pj4NKg4R6vIf-cbz4vg,2021-03-08,,,,,-54,
BF,Burkina Faso,Centre-Est Region,,,BF-04,,ChIJtQR3Pj4NKg4R6vIf-cbz4vg,2021-03-09,,,,,-33,
BF,Burkina Faso,Centre-Est Region,,,BF-04,,ChIJtQR3Pj4NKg4R6vIf-cbz4vg,2021-03-10,,,,,-35,
BF,Burkina Faso,Centre-Est Region,,,BF-04,,ChIJtQR3Pj4NKg4R6vIf-cbz4vg,2021-03-11,,,,,-34,
BF,Burkina Faso,Centre-Est Region,,,BF-04,,ChIJtQR3Pj4NKg4R6vIf-cbz4vg,2021-03-12,,,,,-32,
BF,Burkina Faso,Centre-Est Region,,,BF-04,,ChIJtQR3Pj4NKg4R6vIf-cbz4vg,2021-03-13,,,,,-34,
BF,Burkina Faso,Centre-Est Region,,,BF-04,,ChIJtQR3Pj4NKg4R6vIf-cbz4vg,2021-03-15,,,,,-39,
BF,Burkina Faso,Centre-Est Region,,,BF-04,,ChIJtQR3Pj4NKg4R6vIf-cbz4vg,2021-03-16,,,,,-40,
BF,Burkina Faso,Centre-Est Region,,,BF-04,,ChIJtQR3Pj4NKg4R6vIf-cbz4vg,2021-03-17,,,,,-35,
BF,Burkina Faso,Centre-Est Region,,,BF-04,,ChIJtQR3Pj4NKg4R6vIf-cbz4vg,2021-03-18,,,,,-38,
BF,Burkina Faso,Centre-Est Region,,,BF-04,,ChIJtQR3Pj4NKg4R6vIf-cbz4vg,2021-03-19,,,,,-29,
BF,Burkina Faso,Centre-Est Region,,,BF-04,,ChIJtQR3Pj4NKg4R6vIf-cbz4vg,2021-03-20,,,,,-35,
BF,Burkina Faso,Centre-Est Region,,,BF-04,,ChIJtQR3Pj4NKg4R6vIf-cbz4vg,2021-03-22,,,,,-35,
BF,Burkina Faso,Centre-Est Region,,,BF-04,,ChIJtQR3Pj4NKg4R6vIf-cbz4vg,2021-03-23,,,,,-31,
BF,Burkina Faso,Centre-Est Region,,,BF-04,,ChIJtQR3Pj4NKg4R6vIf-cbz4vg,2021-03-24,,,,,-39,
BF,Burkina Faso,Centre-Est Region,,,BF-04,,ChIJtQR3Pj4NKg4R6vIf-cbz4vg,2021-03-25,,,,,-35,
BF,Burkina Faso,Centre-Est Region,,,BF-04,,ChIJtQR3Pj4NKg4R6vIf-cbz4vg,2021-03-26,,,,,-30,
BF,Burkina Faso,Centre-Est Region,,,BF-04,,ChIJtQR3Pj4NKg4R6vIf-cbz4vg,2021-03-27,,,,,-27,
BF,Burkina Faso,Centre-Est Region,,,BF-04,,ChIJtQR3Pj4NKg4R6vIf-cbz4vg,2021-03-28,,,,,-40,
BF,Burkina Faso,Centre-Est Region,,,BF-04,,ChIJtQR3Pj4NKg4R6vIf-cbz4vg,2021-03-29,,,,,-31,
BF,Burkina Faso,Centre-Est Region,,,BF-04,,ChIJtQR3Pj4NKg4R6vIf-cbz4vg,2021-03-30,,,,,-31,
BF,Burkina Faso,Centre-Est Region,,,BF-04,,ChIJtQR3Pj4NKg4R6vIf-cbz4vg,2021-03-31,,,,,-31,
BF,Burkina Faso,Centre-Est Region,,,BF-04,,ChIJtQR3Pj4NKg4R6vIf-cbz4vg,2021-04-01,,,,,-32,
BF,Burkina Faso,Centre-Est Region,,,BF-04,,ChIJtQR3Pj4NKg4R6vIf-cbz4vg,2021-04-02,,,,,-30,
BF,Burkina Faso,Centre-Est Region,,,BF-04,,ChIJtQR3Pj4NKg4R6vIf-cbz4vg,2021-04-03,,,,,-36,
BF,Burkina Faso,Centre-Est Region,,,BF-04,,ChIJtQR3Pj4NKg4R6vIf-cbz4vg,2021-04-04,,,,,-43,
BF,Burkina Faso,Centre-Est Region,,,BF-04,,ChIJtQR3Pj4NKg4R6vIf-cbz4vg,2021-04-05,,,,,-52,
BF,Burkina Faso,Centre-Est Region,,,BF-04,,ChIJtQR3Pj4NKg4R6vIf-cbz4vg,2021-04-06,,,,,-36,
BF,Burkina Faso,Centre-Est Region,,,BF-04,,ChIJtQR3Pj4NKg4R6vIf-cbz4vg,2021-04-07,,,,,-38,
BF,Burkina Faso,Centre-Est Region,,,BF-04,,ChIJtQR3Pj4NKg4R6vIf-cbz4vg,2021-04-08,,,,,-33,
BF,Burkina Faso,Centre-Est Region,,,BF-04,,ChIJtQR3Pj4NKg4R6vIf-cbz4vg,2021-04-09,,,,,-36,
BF,Burkina Faso,Centre-Est Region,,,BF-04,,ChIJtQR3Pj4NKg4R6vIf-cbz4vg,2021-04-10,,,,,-35,
BF,Burkina Faso,Centre-Est Region,,,BF-04,,ChIJtQR3Pj4NKg4R6vIf-cbz4vg,2021-04-11,,,,,-39,
BF,Burkina Faso,Centre-Est Region,,,BF-04,,ChIJtQR3Pj4NKg4R6vIf-cbz4vg,2021-04-12,,,,,-37,
BF,Burkina Faso,Centre-Est Region,,,BF-04,,ChIJtQR3Pj4NKg4R6vIf-cbz4vg,2021-04-13,,,,,-31,
BF,Burkina Faso,Centre-Est Region,,,BF-04,,ChIJtQR3Pj4NKg4R6vIf-cbz4vg,2021-04-14,,,,,-35,
BF,Burkina Faso,Centre-Est Region,,,BF-04,,ChIJtQR3Pj4NKg4R6vIf-cbz4vg,2021-04-15,,,,,-32,
BF,Burkina Faso,Centre-Est Region,,,BF-04,,ChIJtQR3Pj4NKg4R6vIf-cbz4vg,2021-04-16,,,,,-37,
BF,Burkina Faso,Centre-Est Region,,,BF-04,,ChIJtQR3Pj4NKg4R6vIf-cbz4vg,2021-04-17,,,,,-40,
BF,Burkina Faso,Centre-Est Region,,,BF-04,,ChIJtQR3Pj4NKg4R6vIf-cbz4vg,2021-04-18,,,,,-39,
BF,Burkina Faso,Centre-Est Region,,,BF-04,,ChIJtQR3Pj4NKg4R6vIf-cbz4vg,2021-04-19,,,,,-34,
BF,Burkina Faso,Centre-Est Region,,,BF-04,,ChIJtQR3Pj4NKg4R6vIf-cbz4vg,2021-04-20,,,,,-30,
BF,Burkina Faso,Centre-Est Region,,,BF-04,,ChIJtQR3Pj4NKg4R6vIf-cbz4vg,2021-04-21,,,,,-34,
BF,Burkina Faso,Centre-Est Region,,,BF-04,,ChIJtQR3Pj4NKg4R6vIf-cbz4vg,2021-04-22,,,,,-29,
BF,Burkina Faso,Centre-Est Region,,,BF-04,,ChIJtQR3Pj4NKg4R6vIf-cbz4vg,2021-04-23,,,,,-28,
BF,Burkina Faso,Centre-Est Region,,,BF-04,,ChIJtQR3Pj4NKg4R6vIf-cbz4vg,2021-04-24,,,,,-32,
BF,Burkina Faso,Centre-Est Region,,,BF-04,,ChIJtQR3Pj4NKg4R6vIf-cbz4vg,2021-04-25,,,,,-43,
BF,Burkina Faso,Centre-Est Region,,,BF-04,,ChIJtQR3Pj4NKg4R6vIf-cbz4vg,2021-04-26,,,,,-35,
BF,Burkina Faso,Centre-Est Region,,,BF-04,,ChIJtQR3Pj4NKg4R6vIf-cbz4vg,2021-04-27,,,,,-34,
BF,Burkina Faso,Centre-Est Region,,,BF-04,,ChIJtQR3Pj4NKg4R6vIf-cbz4vg,2021-04-28,,,,,-30,
BF,Burkina Faso,Centre-Est Region,,,BF-04,,ChIJtQR3Pj4NKg4R6vIf-cbz4vg,2021-04-29,,,,,-31,
BF,Burkina Faso,Centre-Est Region,,,BF-04,,ChIJtQR3Pj4NKg4R6vIf-cbz4vg,2021-04-30,,,,,-32,
BF,Burkina Faso,Centre-Est Region,,,BF-04,,ChIJtQR3Pj4NKg4R6vIf-cbz4vg,2021-05-01,,,,,-35,
BF,Burkina Faso,Centre-Est Region,,,BF-04,,ChIJtQR3Pj4NKg4R6vIf-cbz4vg,2021-05-03,,,,,-31,
BF,Burkina Faso,Centre-Est Region,,,BF-04,,ChIJtQR3Pj4NKg4R6vIf-cbz4vg,2021-05-04,,,,,-32,
BF,Burkina Faso,Centre-Est Region,,,BF-04,,ChIJtQR3Pj4NKg4R6vIf-cbz4vg,2021-05-05,,,,,-30,
BF,Burkina Faso,Centre-Est Region,,,BF-04,,ChIJtQR3Pj4NKg4R6vIf-cbz4vg,2021-05-06,,,,,-30,
BF,Burkina Faso,Centre-Est Region,,,BF-04,,ChIJtQR3Pj4NKg4R6vIf-cbz4vg,2021-05-07,,,,,-29,
BF,Burkina Faso,Centre-Est Region,,,BF-04,,ChIJtQR3Pj4NKg4R6vIf-cbz4vg,2021-05-08,,,,,-27,
BF,Burkina Faso,Centre-Est Region,,,BF-04,,ChIJtQR3Pj4NKg4R6vIf-cbz4vg,2021-05-10,,,,,-28,
BF,Burkina Faso,Centre-Est Region,,,BF-04,,ChIJtQR3Pj4NKg4R6vIf-cbz4vg,2021-05-11,,,,,-33,
BF,Burkina Faso,Centre-Est Region,,,BF-04,,ChIJtQR3Pj4NKg4R6vIf-cbz4vg,2021-05-12,,,,,-34,
BF,Burkina Faso,Centre-Est Region,,,BF-04,,ChIJtQR3Pj4NKg4R6vIf-cbz4vg,2021-05-13,,,,,-66,
BF,Burkina Faso,Centre-Est Region,,,BF-04,,ChIJtQR3Pj4NKg4R6vIf-cbz4vg,2021-05-14,,,,,-40,
BF,Burkina Faso,Centre-Est Region,,,BF-04,,ChIJtQR3Pj4NKg4R6vIf-cbz4vg,2021-05-15,,,,,-40,
BF,Burkina Faso,Centre-Est Region,,,BF-04,,ChIJtQR3Pj4NKg4R6vIf-cbz4vg,2021-05-17,,,,,-28,
BF,Burkina Faso,Centre-Est Region,,,BF-04,,ChIJtQR3Pj4NKg4R6vIf-cbz4vg,2021-05-18,,,,,-23,
BF,Burkina Faso,Centre-Est Region,,,BF-04,,ChIJtQR3Pj4NKg4R6vIf-cbz4vg,2021-05-19,,,,,-30,
BF,Burkina Faso,Centre-Est Region,,,BF-04,,ChIJtQR3Pj4NKg4R6vIf-cbz4vg,2021-05-20,,,,,-25,
BF,Burkina Faso,Centre-Est Region,,,BF-04,,ChIJtQR3Pj4NKg4R6vIf-cbz4vg,2021-05-21,,,,,-21,
BF,Burkina Faso,Centre-Est Region,,,BF-04,,ChIJtQR3Pj4NKg4R6vIf-cbz4vg,2021-05-24,,,,,-27,
BF,Burkina Faso,Centre-Est Region,,,BF-04,,ChIJtQR3Pj4NKg4R6vIf-cbz4vg,2021-05-25,,,,,-30,
BF,Burkina Faso,Centre-Est Region,,,BF-04,,ChIJtQR3Pj4NKg4R6vIf-cbz4vg,2021-05-26,,,,,-26,
BF,Burkina Faso,Centre-Est Region,,,BF-04,,ChIJtQR3Pj4NKg4R6vIf-cbz4vg,2021-05-27,,,,,-21,
BF,Burkina Faso,Centre-Est Region,,,BF-04,,ChIJtQR3Pj4NKg4R6vIf-cbz4vg,2021-05-28,,,,,-21,
BF,Burkina Faso,Centre-Est Region,,,BF-04,,ChIJtQR3Pj4NKg4R6vIf-cbz4vg,2021-05-29,,,,,-22,
BF,Burkina Faso,Centre-Est Region,,,BF-04,,ChIJtQR3Pj4NKg4R6vIf-cbz4vg,2021-05-31,,,,,-28,
BF,Burkina Faso,Centre-Est Region,,,BF-04,,ChIJtQR3Pj4NKg4R6vIf-cbz4vg,2021-06-01,,,,,-24,
BF,Burkina Faso,Centre-Est Region,,,BF-04,,ChIJtQR3Pj4NKg4R6vIf-cbz4vg,2021-06-02,,,,,-25,
BF,Burkina Faso,Centre-Est Region,,,BF-04,,ChIJtQR3Pj4NKg4R6vIf-cbz4vg,2021-06-03,,,,,-19,
BF,Burkina Faso,Centre-Est Region,,,BF-04,,ChIJtQR3Pj4NKg4R6vIf-cbz4vg,2021-06-04,,,,,-18,
BF,Burkina Faso,Centre-Est Region,,,BF-04,,ChIJtQR3Pj4NKg4R6vIf-cbz4vg,2021-06-05,,,,,-23,
BF,Burkina Faso,Centre-Est Region,,,BF-04,,ChIJtQR3Pj4NKg4R6vIf-cbz4vg,2021-06-07,,,,,-26,
BF,Burkina Faso,Centre-Est Region,,,BF-04,,ChIJtQR3Pj4NKg4R6vIf-cbz4vg,2021-06-08,,,,,-21,
BF,Burkina Faso,Centre-Est Region,,,BF-04,,ChIJtQR3Pj4NKg4R6vIf-cbz4vg,2021-06-09,,,,,-26,
BF,Burkina Faso,Centre-Est Region,,,BF-04,,ChIJtQR3Pj4NKg4R6vIf-cbz4vg,2021-06-10,,,,,-15,
BF,Burkina Faso,Centre-Est Region,,,BF-04,,ChIJtQR3Pj4NKg4R6vIf-cbz4vg,2021-06-11,,,,,-23,
BF,Burkina Faso,Centre-Est Region,,,BF-04,,ChIJtQR3Pj4NKg4R6vIf-cbz4vg,2021-06-12,,,,,-23,
BF,Burkina Faso,Centre-Est Region,,,BF-04,,ChIJtQR3Pj4NKg4R6vIf-cbz4vg,2021-06-14,,,,,-31,
BF,Burkina Faso,Centre-Est Region,,,BF-04,,ChIJtQR3Pj4NKg4R6vIf-cbz4vg,2021-06-15,,,,,-25,
BF,Burkina Faso,Centre-Est Region,,,BF-04,,ChIJtQR3Pj4NKg4R6vIf-cbz4vg,2021-06-16,,,,,-23,
BF,Burkina Faso,Centre-Est Region,,,BF-04,,ChIJtQR3Pj4NKg4R6vIf-cbz4vg,2021-06-17,,,,,-17,
BF,Burkina Faso,Centre-Est Region,,,BF-04,,ChIJtQR3Pj4NKg4R6vIf-cbz4vg,2021-06-18,,,,,-14,
BF,Burkina Faso,Centre-Est Region,,,BF-04,,ChIJtQR3Pj4NKg4R6vIf-cbz4vg,2021-06-19,,,,,-25,
BF,Burkina Faso,Centre-Est Region,,,BF-04,,ChIJtQR3Pj4NKg4R6vIf-cbz4vg,2021-06-21,,,,,-35,
BF,Burkina Faso,Centre-Est Region,,,BF-04,,ChIJtQR3Pj4NKg4R6vIf-cbz4vg,2021-06-22,,,,,-30,
BF,Burkina Faso,Centre-Est Region,,,BF-04,,ChIJtQR3Pj4NKg4R6vIf-cbz4vg,2021-06-23,,,,,-27,
BF,Burkina Faso,Centre-Est Region,,,BF-04,,ChIJtQR3Pj4NKg4R6vIf-cbz4vg,2021-06-24,,,,,-27,
BF,Burkina Faso,Centre-Est Region,,,BF-04,,ChIJtQR3Pj4NKg4R6vIf-cbz4vg,2021-06-25,,,,,-26,
BF,Burkina Faso,Centre-Nord Region,,,BF-05,,ChIJE0A1GCe4KA4RWHRuu5efjCg,2021-03-08,,,,,-44,
BF,Burkina Faso,Centre-Nord Region,,,BF-05,,ChIJE0A1GCe4KA4RWHRuu5efjCg,2021-04-05,,,,,-42,
BF,Burkina Faso,Centre-Nord Region,,,BF-05,,ChIJE0A1GCe4KA4RWHRuu5efjCg,2021-05-13,,,,,-60,
BF,Burkina Faso,Centre-Ouest Region,,,BF-06,,ChIJI065StTdLQ4R4WyQ4d-wKxs,2021-01-01,,,,,-52,
BF,Burkina Faso,Centre-Ouest Region,,,BF-06,,ChIJI065StTdLQ4R4WyQ4d-wKxs,2021-01-04,,,,,-34,
BF,Burkina Faso,Centre-Ouest Region,,,BF-06,,ChIJI065StTdLQ4R4WyQ4d-wKxs,2021-01-05,,,,,-8,
BF,Burkina Faso,Centre-Ouest Region,,,BF-06,,ChIJI065StTdLQ4R4WyQ4d-wKxs,2021-01-06,,,,,5,
BF,Burkina Faso,Centre-Ouest Region,,,BF-06,,ChIJI065StTdLQ4R4WyQ4d-wKxs,2021-01-07,,,,,4,
BF,Burkina Faso,Centre-Ouest Region,,,BF-06,,ChIJI065StTdLQ4R4WyQ4d-wKxs,2021-01-08,,,,,12,
BF,Burkina Faso,Centre-Ouest Region,,,BF-06,,ChIJI065StTdLQ4R4WyQ4d-wKxs,2021-01-11,,,,,4,
BF,Burkina Faso,Centre-Ouest Region,,,BF-06,,ChIJI065StTdLQ4R4WyQ4d-wKxs,2021-01-12,,,,,3,
BF,Burkina Faso,Centre-Ouest Region,,,BF-06,,ChIJI065StTdLQ4R4WyQ4d-wKxs,2021-01-13,,,,,10,
BF,Burkina Faso,Centre-Ouest Region,,,BF-06,,ChIJI065StTdLQ4R4WyQ4d-wKxs,2021-01-14,,,,,-1,
BF,Burkina Faso,Centre-Ouest Region,,,BF-06,,ChIJI065StTdLQ4R4WyQ4d-wKxs,2021-01-15,,,,,-1,
BF,Burkina Faso,Centre-Ouest Region,,,BF-06,,ChIJI065StTdLQ4R4WyQ4d-wKxs,2021-01-18,,,,,3,
BF,Burkina Faso,Centre-Ouest Region,,,BF-06,,ChIJI065StTdLQ4R4WyQ4d-wKxs,2021-01-19,,,,,4,
BF,Burkina Faso,Centre-Ouest Region,,,BF-06,,ChIJI065StTdLQ4R4WyQ4d-wKxs,2021-01-20,,,,,3,
BF,Burkina Faso,Centre-Ouest Region,,,BF-06,,ChIJI065StTdLQ4R4WyQ4d-wKxs,2021-01-21,,,,,3,
BF,Burkina Faso,Centre-Ouest Region,,,BF-06,,ChIJI065StTdLQ4R4WyQ4d-wKxs,2021-01-22,,,,,9,
BF,Burkina Faso,Centre-Ouest Region,,,BF-06,,ChIJI065StTdLQ4R4WyQ4d-wKxs,2021-01-25,,,,,10,
BF,Burkina Faso,Centre-Ouest Region,,,BF-06,,ChIJI065StTdLQ4R4WyQ4d-wKxs,2021-01-26,,,,,-3,
BF,Burkina Faso,Centre-Ouest Region,,,BF-06,,ChIJI065StTdLQ4R4WyQ4d-wKxs,2021-01-27,,,,,9,
BF,Burkina Faso,Centre-Ouest Region,,,BF-06,,ChIJI065StTdLQ4R4WyQ4d-wKxs,2021-01-28,,,,,9,
BF,Burkina Faso,Centre-Ouest Region,,,BF-06,,ChIJI065StTdLQ4R4WyQ4d-wKxs,2021-01-29,,,,,1,
BF,Burkina Faso,Centre-Ouest Region,,,BF-06,,ChIJI065StTdLQ4R4WyQ4d-wKxs,2021-02-01,,,,,3,
BF,Burkina Faso,Centre-Ouest Region,,,BF-06,,ChIJI065StTdLQ4R4WyQ4d-wKxs,2021-02-02,,,,,-4,
BF,Burkina Faso,Centre-Ouest Region,,,BF-06,,ChIJI065StTdLQ4R4WyQ4d-wKxs,2021-02-03,,,,,4,
BF,Burkina Faso,Centre-Ouest Region,,,BF-06,,ChIJI065StTdLQ4R4WyQ4d-wKxs,2021-02-04,,,,,-2,
BF,Burkina Faso,Centre-Ouest Region,,,BF-06,,ChIJI065StTdLQ4R4WyQ4d-wKxs,2021-02-05,,,,,4,
BF,Burkina Faso,Centre-Ouest Region,,,BF-06,,ChIJI065StTdLQ4R4WyQ4d-wKxs,2021-02-08,,,,,-5,
BF,Burkina Faso,Centre-Ouest Region,,,BF-06,,ChIJI065StTdLQ4R4WyQ4d-wKxs,2021-02-09,,,,,-6,
BF,Burkina Faso,Centre-Ouest Region,,,BF-06,,ChIJI065StTdLQ4R4WyQ4d-wKxs,2021-02-10,,,,,-1,
BF,Burkina Faso,Centre-Ouest Region,,,BF-06,,ChIJI065StTdLQ4R4WyQ4d-wKxs,2021-02-11,,,,,-3,
BF,Burkina Faso,Centre-Ouest Region,,,BF-06,,ChIJI065StTdLQ4R4WyQ4d-wKxs,2021-02-12,,,,,-4,
BF,Burkina Faso,Centre-Ouest Region,,,BF-06,,ChIJI065StTdLQ4R4WyQ4d-wKxs,2021-02-15,,,,,0,
BF,Burkina Faso,Centre-Ouest Region,,,BF-06,,ChIJI065StTdLQ4R4WyQ4d-wKxs,2021-02-16,,,,,-10,
BF,Burkina Faso,Centre-Ouest Region,,,BF-06,,ChIJI065StTdLQ4R4WyQ4d-wKxs,2021-02-17,,,,,3,
BF,Burkina Faso,Centre-Ouest Region,,,BF-06,,ChIJI065StTdLQ4R4WyQ4d-wKxs,2021-02-18,,,,,-1,
BF,Burkina Faso,Centre-Ouest Region,,,BF-06,,ChIJI065StTdLQ4R4WyQ4d-wKxs,2021-02-19,,,,,2,
BF,Burkina Faso,Centre-Ouest Region,,,BF-06,,ChIJI065StTdLQ4R4WyQ4d-wKxs,2021-02-22,,,,,1,
BF,Burkina Faso,Centre-Ouest Region,,,BF-06,,ChIJI065StTdLQ4R4WyQ4d-wKxs,2021-02-23,,,,,-7,
BF,Burkina Faso,Centre-Ouest Region,,,BF-06,,ChIJI065StTdLQ4R4WyQ4d-wKxs,2021-02-24,,,,,1,
BF,Burkina Faso,Centre-Ouest Region,,,BF-06,,ChIJI065StTdLQ4R4WyQ4d-wKxs,2021-02-25,,,,,-6,
BF,Burkina Faso,Centre-Ouest Region,,,BF-06,,ChIJI065StTdLQ4R4WyQ4d-wKxs,2021-02-26,,,,,-4,
BF,Burkina Faso,Centre-Ouest Region,,,BF-06,,ChIJI065StTdLQ4R4WyQ4d-wKxs,2021-03-01,,,,,11,
BF,Burkina Faso,Centre-Ouest Region,,,BF-06,,ChIJI065StTdLQ4R4WyQ4d-wKxs,2021-03-02,,,,,0,
BF,Burkina Faso,Centre-Ouest Region,,,BF-06,,ChIJI065StTdLQ4R4WyQ4d-wKxs,2021-03-03,,,,,5,
BF,Burkina Faso,Centre-Ouest Region,,,BF-06,,ChIJI065StTdLQ4R4WyQ4d-wKxs,2021-03-04,,,,,-6,
BF,Burkina Faso,Centre-Ouest Region,,,BF-06,,ChIJI065StTdLQ4R4WyQ4d-wKxs,2021-03-05,,,,,-5,
BF,Burkina Faso,Centre-Ouest Region,,,BF-06,,ChIJI065StTdLQ4R4WyQ4d-wKxs,2021-03-08,,,,,-33,
BF,Burkina Faso,Centre-Ouest Region,,,BF-06,,ChIJI065StTdLQ4R4WyQ4d-wKxs,2021-03-09,,,,,-4,
BF,Burkina Faso,Centre-Ouest Region,,,BF-06,,ChIJI065StTdLQ4R4WyQ4d-wKxs,2021-03-10,,,,,3,
BF,Burkina Faso,Centre-Ouest Region,,,BF-06,,ChIJI065StTdLQ4R4WyQ4d-wKxs,2021-03-11,,,,,3,
BF,Burkina Faso,Centre-Ouest Region,,,BF-06,,ChIJI065StTdLQ4R4WyQ4d-wKxs,2021-03-12,,,,,6,
BF,Burkina Faso,Centre-Ouest Region,,,BF-06,,ChIJI065StTdLQ4R4WyQ4d-wKxs,2021-03-15,,,,,-1,
BF,Burkina Faso,Centre-Ouest Region,,,BF-06,,ChIJI065StTdLQ4R4WyQ4d-wKxs,2021-03-16,,,,,-7,
BF,Burkina Faso,Centre-Ouest Region,,,BF-06,,ChIJI065StTdLQ4R4WyQ4d-wKxs,2021-03-17,,,,,5,
BF,Burkina Faso,Centre-Ouest Region,,,BF-06,,ChIJI065StTdLQ4R4WyQ4d-wKxs,2021-03-18,,,,,-1,
BF,Burkina Faso,Centre-Ouest Region,,,BF-06,,ChIJI065StTdLQ4R4WyQ4d-wKxs,2021-03-19,,,,,5,
BF,Burkina Faso,Centre-Ouest Region,,,BF-06,,ChIJI065StTdLQ4R4WyQ4d-wKxs,2021-03-22,,,,,6,
BF,Burkina Faso,Centre-Ouest Region,,,BF-06,,ChIJI065StTdLQ4R4WyQ4d-wKxs,2021-03-23,,,,,-8,
BF,Burkina Faso,Centre-Ouest Region,,,BF-06,,ChIJI065StTdLQ4R4WyQ4d-wKxs,2021-03-24,,,,,0,
BF,Burkina Faso,Centre-Ouest Region,,,BF-06,,ChIJI065StTdLQ4R4WyQ4d-wKxs,2021-03-25,,,,,-3,
BF,Burkina Faso,Centre-Ouest Region,,,BF-06,,ChIJI065StTdLQ4R4WyQ4d-wKxs,2021-03-26,,,,,-5,
BF,Burkina Faso,Centre-Ouest Region,,,BF-06,,ChIJI065StTdLQ4R4WyQ4d-wKxs,2021-03-29,,,,,1,
BF,Burkina Faso,Centre-Ouest Region,,,BF-06,,ChIJI065StTdLQ4R4WyQ4d-wKxs,2021-03-30,,,,,-5,
BF,Burkina Faso,Centre-Ouest Region,,,BF-06,,ChIJI065StTdLQ4R4WyQ4d-wKxs,2021-03-31,,,,,8,
BF,Burkina Faso,Centre-Ouest Region,,,BF-06,,ChIJI065StTdLQ4R4WyQ4d-wKxs,2021-04-01,,,,,-1,
BF,Burkina Faso,Centre-Ouest Region,,,BF-06,,ChIJI065StTdLQ4R4WyQ4d-wKxs,2021-04-02,,,,,0,
BF,Burkina Faso,Centre-Ouest Region,,,BF-06,,ChIJI065StTdLQ4R4WyQ4d-wKxs,2021-04-05,,,,,-41,
BF,Burkina Faso,Centre-Ouest Region,,,BF-06,,ChIJI065StTdLQ4R4WyQ4d-wKxs,2021-04-06,,,,,-26,
BF,Burkina Faso,Centre-Ouest Region,,,BF-06,,ChIJI065StTdLQ4R4WyQ4d-wKxs,2021-04-07,,,,,-15,
BF,Burkina Faso,Centre-Ouest Region,,,BF-06,,ChIJI065StTdLQ4R4WyQ4d-wKxs,2021-04-08,,,,,-21,
BF,Burkina Faso,Centre-Ouest Region,,,BF-06,,ChIJI065StTdLQ4R4WyQ4d-wKxs,2021-04-09,,,,,-11,
BF,Burkina Faso,Centre-Ouest Region,,,BF-06,,ChIJI065StTdLQ4R4WyQ4d-wKxs,2021-04-12,,,,,2,
BF,Burkina Faso,Centre-Ouest Region,,,BF-06,,ChIJI065StTdLQ4R4WyQ4d-wKxs,2021-04-13,,,,,-7,
BF,Burkina Faso,Centre-Ouest Region,,,BF-06,,ChIJI065StTdLQ4R4WyQ4d-wKxs,2021-04-14,,,,,-2,
BF,Burkina Faso,Centre-Ouest Region,,,BF-06,,ChIJI065StTdLQ4R4WyQ4d-wKxs,2021-04-15,,,,,5,
BF,Burkina Faso,Centre-Ouest Region,,,BF-06,,ChIJI065StTdLQ4R4WyQ4d-wKxs,2021-04-16,,,,,5,
BF,Burkina Faso,Centre-Ouest Region,,,BF-06,,ChIJI065StTdLQ4R4WyQ4d-wKxs,2021-04-19,,,,,5,
BF,Burkina Faso,Centre-Ouest Region,,,BF-06,,ChIJI065StTdLQ4R4WyQ4d-wKxs,2021-04-20,,,,,0,
BF,Burkina Faso,Centre-Ouest Region,,,BF-06,,ChIJI065StTdLQ4R4WyQ4d-wKxs,2021-04-21,,,,,2,
BF,Burkina Faso,Centre-Ouest Region,,,BF-06,,ChIJI065StTdLQ4R4WyQ4d-wKxs,2021-04-22,,,,,3,
BF,Burkina Faso,Centre-Ouest Region,,,BF-06,,ChIJI065StTdLQ4R4WyQ4d-wKxs,2021-04-23,,,,,5,
BF,Burkina Faso,Centre-Ouest Region,,,BF-06,,ChIJI065StTdLQ4R4WyQ4d-wKxs,2021-04-26,,,,,7,
BF,Burkina Faso,Centre-Ouest Region,,,BF-06,,ChIJI065StTdLQ4R4WyQ4d-wKxs,2021-04-27,,,,,1,
BF,Burkina Faso,Centre-Ouest Region,,,BF-06,,ChIJI065StTdLQ4R4WyQ4d-wKxs,2021-04-28,,,,,1,
BF,Burkina Faso,Centre-Ouest Region,,,BF-06,,ChIJI065StTdLQ4R4WyQ4d-wKxs,2021-04-29,,,,,-4,
BF,Burkina Faso,Centre-Ouest Region,,,BF-06,,ChIJI065StTdLQ4R4WyQ4d-wKxs,2021-04-30,,,,,-2,
BF,Burkina Faso,Centre-Ouest Region,,,BF-06,,ChIJI065StTdLQ4R4WyQ4d-wKxs,2021-05-03,,,,,9,
BF,Burkina Faso,Centre-Ouest Region,,,BF-06,,ChIJI065StTdLQ4R4WyQ4d-wKxs,2021-05-04,,,,,-4,
BF,Burkina Faso,Centre-Ouest Region,,,BF-06,,ChIJI065StTdLQ4R4WyQ4d-wKxs,2021-05-05,,,,,6,
BF,Burkina Faso,Centre-Ouest Region,,,BF-06,,ChIJI065StTdLQ4R4WyQ4d-wKxs,2021-05-06,,,,,9,
BF,Burkina Faso,Centre-Ouest Region,,,BF-06,,ChIJI065StTdLQ4R4WyQ4d-wKxs,2021-05-07,,,,,10,
BF,Burkina Faso,Centre-Ouest Region,,,BF-06,,ChIJI065StTdLQ4R4WyQ4d-wKxs,2021-05-10,,,,,12,
BF,Burkina Faso,Centre-Ouest Region,,,BF-06,,ChIJI065StTdLQ4R4WyQ4d-wKxs,2021-05-11,,,,,5,
BF,Burkina Faso,Centre-Ouest Region,,,BF-06,,ChIJI065StTdLQ4R4WyQ4d-wKxs,2021-05-12,,,,,-2,
BF,Burkina Faso,Centre-Ouest Region,,,BF-06,,ChIJI065StTdLQ4R4WyQ4d-wKxs,2021-05-13,,,,,-58,
BF,Burkina Faso,Centre-Ouest Region,,,BF-06,,ChIJI065StTdLQ4R4WyQ4d-wKxs,2021-05-14,,,,,-1,
BF,Burkina Faso,Centre-Ouest Region,,,BF-06,,ChIJI065StTdLQ4R4WyQ4d-wKxs,2021-05-17,,,,,15,
BF,Burkina Faso,Centre-Ouest Region,,,BF-06,,ChIJI065StTdLQ4R4WyQ4d-wKxs,2021-05-18,,,,,6,
BF,Burkina Faso,Centre-Ouest Region,,,BF-06,,ChIJI065StTdLQ4R4WyQ4d-wKxs,2021-05-19,,,,,1,
BF,Burkina Faso,Centre-Ouest Region,,,BF-06,,ChIJI065StTdLQ4R4WyQ4d-wKxs,2021-05-20,,,,,9,
BF,Burkina Faso,Centre-Ouest Region,,,BF-06,,ChIJI065StTdLQ4R4WyQ4d-wKxs,2021-05-24,,,,,-7,
BF,Burkina Faso,Centre-Ouest Region,,,BF-06,,ChIJI065StTdLQ4R4WyQ4d-wKxs,2021-05-25,,,,,-2,
BF,Burkina Faso,Centre-Ouest Region,,,BF-06,,ChIJI065StTdLQ4R4WyQ4d-wKxs,2021-05-26,,,,,4,
BF,Burkina Faso,Centre-Ouest Region,,,BF-06,,ChIJI065StTdLQ4R4WyQ4d-wKxs,2021-05-27,,,,,5,
BF,Burkina Faso,Centre-Ouest Region,,,BF-06,,ChIJI065StTdLQ4R4WyQ4d-wKxs,2021-05-28,,,,,14,
BF,Burkina Faso,Centre-Ouest Region,,,BF-06,,ChIJI065StTdLQ4R4WyQ4d-wKxs,2021-06-01,,,,,6,
BF,Burkina Faso,Centre-Ouest Region,,,BF-06,,ChIJI065StTdLQ4R4WyQ4d-wKxs,2021-06-03,,,,,13,
BF,Burkina Faso,Centre-Ouest Region,,,BF-06,,ChIJI065StTdLQ4R4WyQ4d-wKxs,2021-06-08,,,,,9,
BF,Burkina Faso,Centre-Ouest Region,,,BF-06,,ChIJI065StTdLQ4R4WyQ4d-wKxs,2021-06-10,,,,,17,
BF,Burkina Faso,Centre-Ouest Region,,,BF-06,,ChIJI065StTdLQ4R4WyQ4d-wKxs,2021-06-11,,,,,16,
BF,Burkina Faso,Centre-Ouest Region,,,BF-06,,ChIJI065StTdLQ4R4WyQ4d-wKxs,2021-06-14,,,,,13,
BF,Burkina Faso,Centre-Ouest Region,,,BF-06,,ChIJI065StTdLQ4R4WyQ4d-wKxs,2021-06-15,,,,,10,
BF,Burkina Faso,Centre-Ouest Region,,,BF-06,,ChIJI065StTdLQ4R4WyQ4d-wKxs,2021-06-16,,,,,9,
BF,Burkina Faso,Centre-Ouest Region,,,BF-06,,ChIJI065StTdLQ4R4WyQ4d-wKxs,2021-06-17,,,,,6,
BF,Burkina Faso,Centre-Ouest Region,,,BF-06,,ChIJI065StTdLQ4R4WyQ4d-wKxs,2021-06-18,,,,,14,
BF,Burkina Faso,Centre-Ouest Region,,,BF-06,,ChIJI065StTdLQ4R4WyQ4d-wKxs,2021-06-21,,,,,4,
BF,Burkina Faso,Centre-Ouest Region,,,BF-06,,ChIJI065StTdLQ4R4WyQ4d-wKxs,2021-06-22,,,,,5,
BF,Burkina Faso,Centre-Ouest Region,,,BF-06,,ChIJI065StTdLQ4R4WyQ4d-wKxs,2021-06-23,,,,,8,
BF,Burkina Faso,Centre-Ouest Region,,,BF-06,,ChIJI065StTdLQ4R4WyQ4d-wKxs,2021-06-24,,,,,3,
BF,Burkina Faso,Centre-Ouest Region,,,BF-06,,ChIJI065StTdLQ4R4WyQ4d-wKxs,2021-06-25,,,,,2,
BF,Burkina Faso,Hauts-Bassins Region,,,BF-09,,ChIJwbK8rllXNA4Rj0mf7N5Tros,2021-01-01,9,37,,-19,-57,11
BF,Burkina Faso,Hauts-Bassins Region,,,BF-09,,ChIJwbK8rllXNA4Rj0mf7N5Tros,2021-01-02,14,69,,11,-15,
BF,Burkina Faso,Hauts-Bassins Region,,,BF-09,,ChIJwbK8rllXNA4Rj0mf7N5Tros,2021-01-03,20,70,,22,-5,
BF,Burkina Faso,Hauts-Bassins Region,,,BF-09,,ChIJwbK8rllXNA4Rj0mf7N5Tros,2021-01-04,10,64,,31,-32,10
BF,Burkina Faso,Hauts-Bassins Region,,,BF-09,,ChIJwbK8rllXNA4Rj0mf7N5Tros,2021-01-05,10,75,,26,2,0
BF,Burkina Faso,Hauts-Bassins Region,,,BF-09,,ChIJwbK8rllXNA4Rj0mf7N5Tros,2021-01-06,8,68,,29,6,-1
BF,Burkina Faso,Hauts-Bassins Region,,,BF-09,,ChIJwbK8rllXNA4Rj0mf7N5Tros,2021-01-07,13,60,,15,8,1
BF,Burkina Faso,Hauts-Bassins Region,,,BF-09,,ChIJwbK8rllXNA4Rj0mf7N5Tros,2021-01-08,13,64,,12,14,0
BF,Burkina Faso,Hauts-Bassins Region,,,BF-09,,ChIJwbK8rllXNA4Rj0mf7N5Tros,2021-01-09,11,54,,6,5,-2
BF,Burkina Faso,Hauts-Bassins Region,,,BF-09,,ChIJwbK8rllXNA4Rj0mf7N5Tros,2021-01-10,20,44,,4,3,
BF,Burkina Faso,Hauts-Bassins Region,,,BF-09,,ChIJwbK8rllXNA4Rj0mf7N5Tros,2021-01-11,18,56,,24,7,1
BF,Burkina Faso,Hauts-Bassins Region,,,BF-09,,ChIJwbK8rllXNA4Rj0mf7N5Tros,2021-01-12,8,58,,18,4,2
BF,Burkina Faso,Hauts-Bassins Region,,,BF-09,,ChIJwbK8rllXNA4Rj0mf7N5Tros,2021-01-13,8,50,,14,4,-3
BF,Burkina Faso,Hauts-Bassins Region,,,BF-09,,ChIJwbK8rllXNA4Rj0mf7N5Tros,2021-01-14,4,39,,2,2,0
BF,Burkina Faso,Hauts-Bassins Region,,,BF-09,,ChIJwbK8rllXNA4Rj0mf7N5Tros,2021-01-15,4,38,,1,5,0
BF,Burkina Faso,Hauts-Bassins Region,,,BF-09,,ChIJwbK8rllXNA4Rj0mf7N5Tros,2021-01-16,6,41,,-8,-1,0
BF,Burkina Faso,Hauts-Bassins Region,,,BF-09,,ChIJwbK8rllXNA4Rj0mf7N5Tros,2021-01-17,7,23,,-8,-5,
BF,Burkina Faso,Hauts-Bassins Region,,,BF-09,,ChIJwbK8rllXNA4Rj0mf7N5Tros,2021-01-18,9,42,,8,0,3
BF,Burkina Faso,Hauts-Bassins Region,,,BF-09,,ChIJwbK8rllXNA4Rj0mf7N5Tros,2021-01-19,2,41,,3,-2,3
BF,Burkina Faso,Hauts-Bassins Region,,,BF-09,,ChIJwbK8rllXNA4Rj0mf7N5Tros,2021-01-20,5,46,,13,0,4
BF,Burkina Faso,Hauts-Bassins Region,,,BF-09,,ChIJwbK8rllXNA4Rj0mf7N5Tros,2021-01-21,6,45,,5,5,2
BF,Burkina Faso,Hauts-Bassins Region,,,BF-09,,ChIJwbK8rllXNA4Rj0mf7N5Tros,2021-01-22,10,46,,13,7,3
BF,Burkina Faso,Hauts-Bassins Region,,,BF-09,,ChIJwbK8rllXNA4Rj0mf7N5Tros,2021-01-23,15,48,,8,6,3
BF,Burkina Faso,Hauts-Bassins Region,,,BF-09,,ChIJwbK8rllXNA4Rj0mf7N5Tros,2021-01-24,10,36,,-7,-1,
BF,Burkina Faso,Hauts-Bassins Region,,,BF-09,,ChIJwbK8rllXNA4Rj0mf7N5Tros,2021-01-25,12,50,,17,6,3
BF,Burkina Faso,Hauts-Bassins Region,,,BF-09,,ChIJwbK8rllXNA4Rj0mf7N5Tros,2021-01-26,7,49,,10,5,4
BF,Burkina Faso,Hauts-Bassins Region,,,BF-09,,ChIJwbK8rllXNA4Rj0mf7N5Tros,2021-01-27,11,49,,18,5,2
BF,Burkina Faso,Hauts-Bassins Region,,,BF-09,,ChIJwbK8rllXNA4Rj0mf7N5Tros,2021-01-28,13,43,,16,3,-1
BF,Burkina Faso,Hauts-Bassins Region,,,BF-09,,ChIJwbK8rllXNA4Rj0mf7N5Tros,2021-01-29,16,51,,20,5,-2
BF,Burkina Faso,Hauts-Bassins Region,,,BF-09,,ChIJwbK8rllXNA4Rj0mf7N5Tros,2021-01-30,17,46,,12,-1,-7
BF,Burkina Faso,Hauts-Bassins Region,,,BF-09,,ChIJwbK8rllXNA4Rj0mf7N5Tros,2021-01-31,18,34,,13,-11,
BF,Burkina Faso,Hauts-Bassins Region,,,BF-09,,ChIJwbK8rllXNA4Rj0mf7N5Tros,2021-02-01,15,44,,27,2,-4
BF,Burkina Faso,Hauts-Bassins Region,,,BF-09,,ChIJwbK8rllXNA4Rj0mf7N5Tros,2021-02-02,7,55,,23,1,-2
BF,Burkina Faso,Hauts-Bassins Region,,,BF-09,,ChIJwbK8rllXNA4Rj0mf7N5Tros,2021-02-03,4,52,,24,-2,-2
BF,Burkina Faso,Hauts-Bassins Region,,,BF-09,,ChIJwbK8rllXNA4Rj0mf7N5Tros,2021-02-04,5,47,,17,-3,-4
BF,Burkina Faso,Hauts-Bassins Region,,,BF-09,,ChIJwbK8rllXNA4Rj0mf7N5Tros,2021-02-05,9,55,,29,-2,-5
BF,Burkina Faso,Hauts-Bassins Region,,,BF-09,,ChIJwbK8rllXNA4Rj0mf7N5Tros,2021-02-06,7,47,,13,-5,-5
BF,Burkina Faso,Hauts-Bassins Region,,,BF-09,,ChIJwbK8rllXNA4Rj0mf7N5Tros,2021-02-07,4,33,,16,-16,
BF,Burkina Faso,Hauts-Bassins Region,,,BF-09,,ChIJwbK8rllXNA4Rj0mf7N5Tros,2021-02-08,6,49,,23,-5,-3
BF,Burkina Faso,Hauts-Bassins Region,,,BF-09,,ChIJwbK8rllXNA4Rj0mf7N5Tros,2021-02-09,7,57,,23,-5,-1
BF,Burkina Faso,Hauts-Bassins Region,,,BF-09,,ChIJwbK8rllXNA4Rj0mf7N5Tros,2021-02-10,8,51,,34,-5,-5
BF,Burkina Faso,Hauts-Bassins Region,,,BF-09,,ChIJwbK8rllXNA4Rj0mf7N5Tros,2021-02-11,6,45,,31,-3,-2
BF,Burkina Faso,Hauts-Bassins Region,,,BF-09,,ChIJwbK8rllXNA4Rj0mf7N5Tros,2021-02-12,2,41,,37,0,-4
BF,Burkina Faso,Hauts-Bassins Region,,,BF-09,,ChIJwbK8rllXNA4Rj0mf7N5Tros,2021-02-13,2,40,,24,-4,-3
BF,Burkina Faso,Hauts-Bassins Region,,,BF-09,,ChIJwbK8rllXNA4Rj0mf7N5Tros,2021-02-14,17,27,,32,-12,
BF,Burkina Faso,Hauts-Bassins Region,,,BF-09,,ChIJwbK8rllXNA4Rj0mf7N5Tros,2021-02-15,5,43,,37,-6,-5
BF,Burkina Faso,Hauts-Bassins Region,,,BF-09,,ChIJwbK8rllXNA4Rj0mf7N5Tros,2021-02-16,2,40,,33,-5,-3
BF,Burkina Faso,Hauts-Bassins Region,,,BF-09,,ChIJwbK8rllXNA4Rj0mf7N5Tros,2021-02-17,-1,48,,33,-5,-7
BF,Burkina Faso,Hauts-Bassins Region,,,BF-09,,ChIJwbK8rllXNA4Rj0mf7N5Tros,2021-02-18,4,45,,29,-1,-4
BF,Burkina Faso,Hauts-Bassins Region,,,BF-09,,ChIJwbK8rllXNA4Rj0mf7N5Tros,2021-02-19,2,45,,22,5,-7
BF,Burkina Faso,Hauts-Bassins Region,,,BF-09,,ChIJwbK8rllXNA4Rj0mf7N5Tros,2021-02-20,8,44,,9,-3,-8
BF,Burkina Faso,Hauts-Bassins Region,,,BF-09,,ChIJwbK8rllXNA4Rj0mf7N5Tros,2021-02-21,2,25,,3,-16,
BF,Burkina Faso,Hauts-Bassins Region,,,BF-09,,ChIJwbK8rllXNA4Rj0mf7N5Tros,2021-02-22,4,48,,15,-1,-3
BF,Burkina Faso,Hauts-Bassins Region,,,BF-09,,ChIJwbK8rllXNA4Rj0mf7N5Tros,2021-02-23,3,57,,17,-2,-4
BF,Burkina Faso,Hauts-Bassins Region,,,BF-09,,ChIJwbK8rllXNA4Rj0mf7N5Tros,2021-02-24,4,53,,16,-3,-5
BF,Burkina Faso,Hauts-Bassins Region,,,BF-09,,ChIJwbK8rllXNA4Rj0mf7N5Tros,2021-02-25,3,53,,7,1,-6
BF,Burkina Faso,Hauts-Bassins Region,,,BF-09,,ChIJwbK8rllXNA4Rj0mf7N5Tros,2021-02-26,8,61,,21,4,-7
BF,Burkina Faso,Hauts-Bassins Region,,,BF-09,,ChIJwbK8rllXNA4Rj0mf7N5Tros,2021-02-27,10,54,,6,2,-5
BF,Burkina Faso,Hauts-Bassins Region,,,BF-09,,ChIJwbK8rllXNA4Rj0mf7N5Tros,2021-02-28,15,41,,8,-11,
BF,Burkina Faso,Hauts-Bassins Region,,,BF-09,,ChIJwbK8rllXNA4Rj0mf7N5Tros,2021-03-01,8,57,,28,2,-3
BF,Burkina Faso,Hauts-Bassins Region,,,BF-09,,ChIJwbK8rllXNA4Rj0mf7N5Tros,2021-03-02,7,57,,12,1,-3
BF,Burkina Faso,Hauts-Bassins Region,,,BF-09,,ChIJwbK8rllXNA4Rj0mf7N5Tros,2021-03-03,8,61,,16,-4,-5
BF,Burkina Faso,Hauts-Bassins Region,,,BF-09,,ChIJwbK8rllXNA4Rj0mf7N5Tros,2021-03-04,12,50,,16,-3,-7
BF,Burkina Faso,Hauts-Bassins Region,,,BF-09,,ChIJwbK8rllXNA4Rj0mf7N5Tros,2021-03-05,13,54,,29,2,-6
BF,Burkina Faso,Hauts-Bassins Region,,,BF-09,,ChIJwbK8rllXNA4Rj0mf7N5Tros,2021-03-06,16,58,,17,-3,-6
BF,Burkina Faso,Hauts-Bassins Region,,,BF-09,,ChIJwbK8rllXNA4Rj0mf7N5Tros,2021-03-07,24,37,,19,-12,
BF,Burkina Faso,Hauts-Bassins Region,,,BF-09,,ChIJwbK8rllXNA4Rj0mf7N5Tros,2021-03-08,12,35,,20,-42,3
BF,Burkina Faso,Hauts-Bassins Region,,,BF-09,,ChIJwbK8rllXNA4Rj0mf7N5Tros,2021-03-09,6,61,,19,1,-5
BF,Burkina Faso,Hauts-Bassins Region,,,BF-09,,ChIJwbK8rllXNA4Rj0mf7N5Tros,2021-03-10,7,55,,21,-1,-7
BF,Burkina Faso,Hauts-Bassins Region,,,BF-09,,ChIJwbK8rllXNA4Rj0mf7N5Tros,2021-03-11,7,48,,33,3,-5
BF,Burkina Faso,Hauts-Bassins Region,,,BF-09,,ChIJwbK8rllXNA4Rj0mf7N5Tros,2021-03-12,5,52,,62,5,-4
BF,Burkina Faso,Hauts-Bassins Region,,,BF-09,,ChIJwbK8rllXNA4Rj0mf7N5Tros,2021-03-13,17,54,,41,3,-5
BF,Burkina Faso,Hauts-Bassins Region,,,BF-09,,ChIJwbK8rllXNA4Rj0mf7N5Tros,2021-03-14,20,37,,,-7,
BF,Burkina Faso,Hauts-Bassins Region,,,BF-09,,ChIJwbK8rllXNA4Rj0mf7N5Tros,2021-03-15,7,57,,65,2,-5
BF,Burkina Faso,Hauts-Bassins Region,,,BF-09,,ChIJwbK8rllXNA4Rj0mf7N5Tros,2021-03-16,7,56,,63,2,-4
BF,Burkina Faso,Hauts-Bassins Region,,,BF-09,,ChIJwbK8rllXNA4Rj0mf7N5Tros,2021-03-17,6,53,,61,0,-5
BF,Burkina Faso,Hauts-Bassins Region,,,BF-09,,ChIJwbK8rllXNA4Rj0mf7N5Tros,2021-03-18,12,57,,62,4,-5
BF,Burkina Faso,Hauts-Bassins Region,,,BF-09,,ChIJwbK8rllXNA4Rj0mf7N5Tros,2021-03-19,12,62,,72,8,-6
BF,Burkina Faso,Hauts-Bassins Region,,,BF-09,,ChIJwbK8rllXNA4Rj0mf7N5Tros,2021-03-20,16,59,,52,2,-7
BF,Burkina Faso,Hauts-Bassins Region,,,BF-09,,ChIJwbK8rllXNA4Rj0mf7N5Tros,2021-03-21,8,35,,,-11,
BF,Burkina Faso,Hauts-Bassins Region,,,BF-09,,ChIJwbK8rllXNA4Rj0mf7N5Tros,2021-03-22,10,65,,66,2,-6
BF,Burkina Faso,Hauts-Bassins Region,,,BF-09,,ChIJwbK8rllXNA4Rj0mf7N5Tros,2021-03-23,6,67,,65,0,-5
BF,Burkina Faso,Hauts-Bassins Region,,,BF-09,,ChIJwbK8rllXNA4Rj0mf7N5Tros,2021-03-24,11,69,,,-2,-6
BF,Burkina Faso,Hauts-Bassins Region,,,BF-09,,ChIJwbK8rllXNA4Rj0mf7N5Tros,2021-03-25,12,64,,62,1,-8
BF,Burkina Faso,Hauts-Bassins Region,,,BF-09,,ChIJwbK8rllXNA4Rj0mf7N5Tros,2021-03-26,13,70,,73,5,-9
BF,Burkina Faso,Hauts-Bassins Region,,,BF-09,,ChIJwbK8rllXNA4Rj0mf7N5Tros,2021-03-27,17,67,,55,0,-8
BF,Burkina Faso,Hauts-Bassins Region,,,BF-09,,ChIJwbK8rllXNA4Rj0mf7N5Tros,2021-03-28,20,52,,,-14,
BF,Burkina Faso,Hauts-Bassins Region,,,BF-09,,ChIJwbK8rllXNA4Rj0mf7N5Tros,2021-03-29,18,67,,,2,-7
BF,Burkina Faso,Hauts-Bassins Region,,,BF-09,,ChIJwbK8rllXNA4Rj0mf7N5Tros,2021-03-30,12,80,,66,2,-4
BF,Burkina Faso,Hauts-Bassins Region,,,BF-09,,ChIJwbK8rllXNA4Rj0mf7N5Tros,2021-03-31,9,72,,,-1,-7
BF,Burkina Faso,Hauts-Bassins Region,,,BF-09,,ChIJwbK8rllXNA4Rj0mf7N5Tros,2021-04-01,15,75,,66,4,-7
BF,Burkina Faso,Hauts-Bassins Region,,,BF-09,,ChIJwbK8rllXNA4Rj0mf7N5Tros,2021-04-02,16,85,,77,7,-7
BF,Burkina Faso,Hauts-Bassins Region,,,BF-09,,ChIJwbK8rllXNA4Rj0mf7N5Tros,2021-04-03,20,87,,68,-4,-7
BF,Burkina Faso,Hauts-Bassins Region,,,BF-09,,ChIJwbK8rllXNA4Rj0mf7N5Tros,2021-04-04,26,61,,,-18,
BF,Burkina Faso,Hauts-Bassins Region,,,BF-09,,ChIJwbK8rllXNA4Rj0mf7N5Tros,2021-04-05,12,65,,67,-38,3
BF,Burkina Faso,Hauts-Bassins Region,,,BF-09,,ChIJwbK8rllXNA4Rj0mf7N5Tros,2021-04-06,20,89,,,-6,-4
BF,Burkina Faso,Hauts-Bassins Region,,,BF-09,,ChIJwbK8rllXNA4Rj0mf7N5Tros,2021-04-07,17,87,,,-9,-4
BF,Burkina Faso,Hauts-Bassins Region,,,BF-09,,ChIJwbK8rllXNA4Rj0mf7N5Tros,2021-04-08,21,76,,69,-6,-4
BF,Burkina Faso,Hauts-Bassins Region,,,BF-09,,ChIJwbK8rllXNA4Rj0mf7N5Tros,2021-04-09,22,75,,74,-2,-5
BF,Burkina Faso,Hauts-Bassins Region,,,BF-09,,ChIJwbK8rllXNA4Rj0mf7N5Tros,2021-04-10,19,74,,49,-5,-7
BF,Burkina Faso,Hauts-Bassins Region,,,BF-09,,ChIJwbK8rllXNA4Rj0mf7N5Tros,2021-04-11,20,53,,,-6,
BF,Burkina Faso,Hauts-Bassins Region,,,BF-09,,ChIJwbK8rllXNA4Rj0mf7N5Tros,2021-04-12,13,73,,,6,-6
BF,Burkina Faso,Hauts-Bassins Region,,,BF-09,,ChIJwbK8rllXNA4Rj0mf7N5Tros,2021-04-13,-5,60,,52,4,-2
BF,Burkina Faso,Hauts-Bassins Region,,,BF-09,,ChIJwbK8rllXNA4Rj0mf7N5Tros,2021-04-14,-3,58,,55,2,-3
BF,Burkina Faso,Hauts-Bassins Region,,,BF-09,,ChIJwbK8rllXNA4Rj0mf7N5Tros,2021-04-15,-4,60,,43,7,-3
BF,Burkina Faso,Hauts-Bassins Region,,,BF-09,,ChIJwbK8rllXNA4Rj0mf7N5Tros,2021-04-16,-6,52,,49,10,-2
BF,Burkina Faso,Hauts-Bassins Region,,,BF-09,,ChIJwbK8rllXNA4Rj0mf7N5Tros,2021-04-17,-4,55,,32,3,-3
BF,Burkina Faso,Hauts-Bassins Region,,,BF-09,,ChIJwbK8rllXNA4Rj0mf7N5Tros,2021-04-18,1,47,,43,3,
BF,Burkina Faso,Hauts-Bassins Region,,,BF-09,,ChIJwbK8rllXNA4Rj0mf7N5Tros,2021-04-19,4,61,,58,10,-2
BF,Burkina Faso,Hauts-Bassins Region,,,BF-09,,ChIJwbK8rllXNA4Rj0mf7N5Tros,2021-04-20,0,63,,54,4,-3
BF,Burkina Faso,Hauts-Bassins Region,,,BF-09,,ChIJwbK8rllXNA4Rj0mf7N5Tros,2021-04-21,2,56,,62,2,-3
BF,Burkina Faso,Hauts-Bassins Region,,,BF-09,,ChIJwbK8rllXNA4Rj0mf7N5Tros,2021-04-22,0,49,,49,7,-2
BF,Burkina Faso,Hauts-Bassins Region,,,BF-09,,ChIJwbK8rllXNA4Rj0mf7N5Tros,2021-04-23,9,70,,64,11,-4
BF,Burkina Faso,Hauts-Bassins Region,,,BF-09,,ChIJwbK8rllXNA4Rj0mf7N5Tros,2021-04-24,6,63,,44,7,-3
BF,Burkina Faso,Hauts-Bassins Region,,,BF-09,,ChIJwbK8rllXNA4Rj0mf7N5Tros,2021-04-25,9,53,,,6,
BF,Burkina Faso,Hauts-Bassins Region,,,BF-09,,ChIJwbK8rllXNA4Rj0mf7N5Tros,2021-04-26,10,64,,65,9,-2
BF,Burkina Faso,Hauts-Bassins Region,,,BF-09,,ChIJwbK8rllXNA4Rj0mf7N5Tros,2021-04-27,5,68,,65,7,-3
BF,Burkina Faso,Hauts-Bassins Region,,,BF-09,,ChIJwbK8rllXNA4Rj0mf7N5Tros,2021-04-28,-2,57,,61,2,-4
BF,Burkina Faso,Hauts-Bassins Region,,,BF-09,,ChIJwbK8rllXNA4Rj0mf7N5Tros,2021-04-29,10,67,,57,7,-5
BF,Burkina Faso,Hauts-Bassins Region,,,BF-09,,ChIJwbK8rllXNA4Rj0mf7N5Tros,2021-04-30,7,65,,64,9,-6
BF,Burkina Faso,Hauts-Bassins Region,,,BF-09,,ChIJwbK8rllXNA4Rj0mf7N5Tros,2021-05-01,5,63,,43,-8,-3
BF,Burkina Faso,Hauts-Bassins Region,,,BF-09,,ChIJwbK8rllXNA4Rj0mf7N5Tros,2021-05-02,11,60,,,4,
BF,Burkina Faso,Hauts-Bassins Region,,,BF-09,,ChIJwbK8rllXNA4Rj0mf7N5Tros,2021-05-03,12,74,,68,7,-2
BF,Burkina Faso,Hauts-Bassins Region,,,BF-09,,ChIJwbK8rllXNA4Rj0mf7N5Tros,2021-05-04,4,73,,74,3,-3
BF,Burkina Faso,Hauts-Bassins Region,,,BF-09,,ChIJwbK8rllXNA4Rj0mf7N5Tros,2021-05-05,6,70,,,4,-4
BF,Burkina Faso,Hauts-Bassins Region,,,BF-09,,ChIJwbK8rllXNA4Rj0mf7N5Tros,2021-05-06,4,64,,56,7,-3
BF,Burkina Faso,Hauts-Bassins Region,,,BF-09,,ChIJwbK8rllXNA4Rj0mf7N5Tros,2021-05-07,2,72,,69,13,-4
BF,Burkina Faso,Hauts-Bassins Region,,,BF-09,,ChIJwbK8rllXNA4Rj0mf7N5Tros,2021-05-08,4,70,,50,9,-4
BF,Burkina Faso,Hauts-Bassins Region,,,BF-09,,ChIJwbK8rllXNA4Rj0mf7N5Tros,2021-05-09,7,62,,,12,
BF,Burkina Faso,Hauts-Bassins Region,,,BF-09,,ChIJwbK8rllXNA4Rj0mf7N5Tros,2021-05-10,9,91,,,10,-5
BF,Burkina Faso,Hauts-Bassins Region,,,BF-09,,ChIJwbK8rllXNA4Rj0mf7N5Tros,2021-05-11,-1,92,,,6,-6
BF,Burkina Faso,Hauts-Bassins Region,,,BF-09,,ChIJwbK8rllXNA4Rj0mf7N5Tros,2021-05-12,12,108,,,-4,-7
BF,Burkina Faso,Hauts-Bassins Region,,,BF-09,,ChIJwbK8rllXNA4Rj0mf7N5Tros,2021-05-13,5,44,,18,-71,-1
BF,Burkina Faso,Hauts-Bassins Region,,,BF-09,,ChIJwbK8rllXNA4Rj0mf7N5Tros,2021-05-14,12,61,,52,-19,-2
BF,Burkina Faso,Hauts-Bassins Region,,,BF-09,,ChIJwbK8rllXNA4Rj0mf7N5Tros,2021-05-15,17,85,,57,1,-3
BF,Burkina Faso,Hauts-Bassins Region,,,BF-09,,ChIJwbK8rllXNA4Rj0mf7N5Tros,2021-05-16,22,67,,,1,
BF,Burkina Faso,Hauts-Bassins Region,,,BF-09,,ChIJwbK8rllXNA4Rj0mf7N5Tros,2021-05-17,16,97,,,10,-8
BF,Burkina Faso,Hauts-Bassins Region,,,BF-09,,ChIJwbK8rllXNA4Rj0mf7N5Tros,2021-05-18,14,96,,,13,-6
BF,Burkina Faso,Hauts-Bassins Region,,,BF-09,,ChIJwbK8rllXNA4Rj0mf7N5Tros,2021-05-19,14,97,,,9,-7
BF,Burkina Faso,Hauts-Bassins Region,,,BF-09,,ChIJwbK8rllXNA4Rj0mf7N5Tros,2021-05-20,14,80,,49,10,-3
BF,Burkina Faso,Hauts-Bassins Region,,,BF-09,,ChIJwbK8rllXNA4Rj0mf7N5Tros,2021-05-21,20,96,,68,22,-8
BF,Burkina Faso,Hauts-Bassins Region,,,BF-09,,ChIJwbK8rllXNA4Rj0mf7N5Tros,2021-05-22,24,85,,47,7,-11
BF,Burkina Faso,Hauts-Bassins Region,,,BF-09,,ChIJwbK8rllXNA4Rj0mf7N5Tros,2021-05-23,23,70,,,3,
BF,Burkina Faso,Hauts-Bassins Region,,,BF-09,,ChIJwbK8rllXNA4Rj0mf7N5Tros,2021-05-24,16,84,,63,4,-10
BF,Burkina Faso,Hauts-Bassins Region,,,BF-09,,ChIJwbK8rllXNA4Rj0mf7N5Tros,2021-05-25,15,85,,67,11,-9
BF,Burkina Faso,Hauts-Bassins Region,,,BF-09,,ChIJwbK8rllXNA4Rj0mf7N5Tros,2021-05-26,25,97,,,13,-13
BF,Burkina Faso,Hauts-Bassins Region,,,BF-09,,ChIJwbK8rllXNA4Rj0mf7N5Tros,2021-05-27,29,97,,67,19,-10
BF,Burkina Faso,Hauts-Bassins Region,,,BF-09,,ChIJwbK8rllXNA4Rj0mf7N5Tros,2021-05-28,36,103,,72,29,-9
BF,Burkina Faso,Hauts-Bassins Region,,,BF-09,,ChIJwbK8rllXNA4Rj0mf7N5Tros,2021-05-29,39,110,,58,23,-12
BF,Burkina Faso,Hauts-Bassins Region,,,BF-09,,ChIJwbK8rllXNA4Rj0mf7N5Tros,2021-05-30,37,82,,,8,
BF,Burkina Faso,Hauts-Bassins Region,,,BF-09,,ChIJwbK8rllXNA4Rj0mf7N5Tros,2021-05-31,33,112,,,22,-10
BF,Burkina Faso,Hauts-Bassins Region,,,BF-09,,ChIJwbK8rllXNA4Rj0mf7N5Tros,2021-06-01,22,98,,,17,-7
BF,Burkina Faso,Hauts-Bassins Region,,,BF-09,,ChIJwbK8rllXNA4Rj0mf7N5Tros,2021-06-02,28,109,,,20,-10
BF,Burkina Faso,Hauts-Bassins Region,,,BF-09,,ChIJwbK8rllXNA4Rj0mf7N5Tros,2021-06-03,23,95,,60,22,-7
BF,Burkina Faso,Hauts-Bassins Region,,,BF-09,,ChIJwbK8rllXNA4Rj0mf7N5Tros,2021-06-04,27,104,,68,31,-9
BF,Burkina Faso,Hauts-Bassins Region,,,BF-09,,ChIJwbK8rllXNA4Rj0mf7N5Tros,2021-06-05,26,108,,54,24,-12
BF,Burkina Faso,Hauts-Bassins Region,,,BF-09,,ChIJwbK8rllXNA4Rj0mf7N5Tros,2021-06-06,23,74,,,1,
BF,Burkina Faso,Hauts-Bassins Region,,,BF-09,,ChIJwbK8rllXNA4Rj0mf7N5Tros,2021-06-07,29,106,,,16,-11
BF,Burkina Faso,Hauts-Bassins Region,,,BF-09,,ChIJwbK8rllXNA4Rj0mf7N5Tros,2021-06-08,29,109,,,20,-10
BF,Burkina Faso,Hauts-Bassins Region,,,BF-09,,ChIJwbK8rllXNA4Rj0mf7N5Tros,2021-06-09,23,92,,,14,-10
BF,Burkina Faso,Hauts-Bassins Region,,,BF-09,,ChIJwbK8rllXNA4Rj0mf7N5Tros,2021-06-10,18,84,,54,22,-7
BF,Burkina Faso,Hauts-Bassins Region,,,BF-09,,ChIJwbK8rllXNA4Rj0mf7N5Tros,2021-06-11,29,102,,64,28,-9
BF,Burkina Faso,Hauts-Bassins Region,,,BF-09,,ChIJwbK8rllXNA4Rj0mf7N5Tros,2021-06-12,33,104,,57,22,-11
BF,Burkina Faso,Hauts-Bassins Region,,,BF-09,,ChIJwbK8rllXNA4Rj0mf7N5Tros,2021-06-13,34,70,,,1,
BF,Burkina Faso,Hauts-Bassins Region,,,BF-09,,ChIJwbK8rllXNA4Rj0mf7N5Tros,2021-06-14,25,111,,,20,-9
BF,Burkina Faso,Hauts-Bassins Region,,,BF-09,,ChIJwbK8rllXNA4Rj0mf7N5Tros,2021-06-15,24,105,,,21,-9
BF,Burkina Faso,Hauts-Bassins Region,,,BF-09,,ChIJwbK8rllXNA4Rj0mf7N5Tros,2021-06-16,21,100,,,16,-8
BF,Burkina Faso,Hauts-Bassins Region,,,BF-09,,ChIJwbK8rllXNA4Rj0mf7N5Tros,2021-06-17,26,100,,63,20,-9
BF,Burkina Faso,Hauts-Bassins Region,,,BF-09,,ChIJwbK8rllXNA4Rj0mf7N5Tros,2021-06-18,26,101,,71,27,-9
BF,Burkina Faso,Hauts-Bassins Region,,,BF-09,,ChIJwbK8rllXNA4Rj0mf7N5Tros,2021-06-19,27,93,,47,20,-9
BF,Burkina Faso,Hauts-Bassins Region,,,BF-09,,ChIJwbK8rllXNA4Rj0mf7N5Tros,2021-06-20,21,68,,,10,
BF,Burkina Faso,Hauts-Bassins Region,,,BF-09,,ChIJwbK8rllXNA4Rj0mf7N5Tros,2021-06-21,19,94,,66,10,-8
BF,Burkina Faso,Hauts-Bassins Region,,,BF-09,,ChIJwbK8rllXNA4Rj0mf7N5Tros,2021-06-22,13,93,,54,12,-8
BF,Burkina Faso,Hauts-Bassins Region,,,BF-09,,ChIJwbK8rllXNA4Rj0mf7N5Tros,2021-06-23,15,90,,,12,-8
BF,Burkina Faso,Hauts-Bassins Region,,,BF-09,,ChIJwbK8rllXNA4Rj0mf7N5Tros,2021-06-24,28,93,,66,17,-7
BF,Burkina Faso,Hauts-Bassins Region,,,BF-09,,ChIJwbK8rllXNA4Rj0mf7N5Tros,2021-06-25,27,103,,66,24,-6
BF,Burkina Faso,Nord Region,,,BF-10,,ChIJtdzcWU_xLw4R2WBsvsmWAxI,2021-01-01,,,,,-42,
BF,Burkina Faso,Nord Region,,,BF-10,,ChIJtdzcWU_xLw4R2WBsvsmWAxI,2021-03-08,,,,,-42,
BF,Burkina Faso,Nord Region,,,BF-10,,ChIJtdzcWU_xLw4R2WBsvsmWAxI,2021-04-05,,,,,-45,
BF,Burkina Faso,Nord Region,,,BF-10,,ChIJtdzcWU_xLw4R2WBsvsmWAxI,2021-05-13,,,,,-69,
